id,isotime,latitude,longitude,depth,magnitude,relocated,startRms,finalRms,locChange,depthChange,timeChange,numNeighbours,ph_usedP,ph_usedS,ph_stationDistMin,ph_stationDistMedian,ph_stationDistMax,dd_numTTp,dd_numTTs,dd_numCCp,dd_numCCs,dd_startResidualMedian,dd_startResidualMAD,dd_finalResidualMedian,dd_finalResidualMAD
1,2022-07-06T10:48:51.61587Z,46.510598502797,8.476219666908,-1.3949062951,-3.79,true,0.000,0.000,0.001,0.000,-0.000,45,24,0,0.011,0.029,0.066,718,0,0,0,0.0001,0.0000,-0.0000,0.0000
2,2022-07-06T10:49:03.75551Z,46.510576831250,8.476191973264,-1.3923003303,-3.85,true,0.000,0.000,0.001,0.000,-0.000,42,24,0,0.013,0.031,0.062,664,0,0,0,0.0002,0.0001,0.0000,0.0000
3,2022-07-06T10:50:59.296248Z,46.510570733344,8.476181542665,-1.3930708734,-3.66,true,0.000,0.000,0.001,0.000,-0.000,40,24,0,0.013,0.031,0.062,683,0,0,0,0.0001,0.0000,0.0000,0.0000
4,2022-07-06T10:51:51.61572Z,46.510574838320,8.476158065041,-1.3913345349,-3.81,true,0.000,0.000,0.001,0.000,-0.000,40,23,0,0.016,0.032,0.061,592,0,0,0,-0.0002,0.0001,-0.0000,0.0000
5,2022-07-06T10:52:15.745576Z,46.510567644348,8.476174215976,-1.3924845470,-3.35,true,0.001,0.000,0.000,-0.000,-0.000,63,25,0,0.014,0.033,0.097,960,0,0,0,0.0002,0.0001,0.0000,0.0000
6,2022-07-06T10:52:47.858611Z,46.510601108151,8.476222508266,-1.3944743000,-2.96,true,0.001,0.000,0.001,-0.000,-0.000,44,26,0,0.011,0.031,0.104,703,0,0,0,0.0002,0.0001,0.0000,0.0000
7,2022-07-06T10:52:49.70847Z,46.510599829824,8.476199683242,-1.3925085235,-3.69,true,0.000,0.000,0.001,0.000,-0.000,39,25,0,0.011,0.030,0.064,589,0,0,0,0.0001,0.0000,0.0000,0.0000
8,2022-07-06T10:52:54.60528Z,46.510575841585,8.476185626192,-1.3916053294,-3.78,true,0.000,0.000,0.000,0.000,-0.000,45,23,0,0.014,0.031,0.061,684,0,0,0,0.0002,0.0001,0.0000,0.0000
9,2022-07-06T10:53:08.251854Z,46.510603155659,8.476205025401,-1.3925245539,-3.63,true,0.000,0.000,0.001,0.000,-0.000,38,23,0,0.013,0.030,0.065,576,0,0,0,-0.0000,0.0000,0.0000,0.0000
10,2022-07-06T10:53:14.529791Z,46.510596989056,8.476217335689,-1.3946934434,-3.69,true,0.000,0.000,0.001,0.000,-0.000,50,25,0,0.011,0.029,0.101,795,0,0,0,0.0001,0.0000,0.0000,0.0000
11,2022-07-06T10:53:19.065432Z,46.510594218990,8.476221426364,-1.3956010461,-2.74,true,0.001,0.000,0.001,0.000,-0.000,40,30,0,0.010,0.037,0.105,665,0,0,0,0.0000,0.0000,-0.0000,0.0000
12,2022-07-06T10:53:28.178403Z,46.510576863268,8.476191136690,-1.3922774629,-3.96,true,0.000,0.000,0.001,0.000,-0.000,40,23,0,0.013,0.031,0.062,638,0,0,0,-0.0000,0.0000,-0.0000,0.0000
13,2022-07-06T10:53:44.269699Z,46.510587188458,8.476211091639,-1.3957805655,-3.63,true,0.000,0.000,0.001,0.000,-0.000,34,25,0,0.010,0.030,0.101,550,0,0,0,0.0001,0.0000,-0.0000,0.0000
14,2022-07-06T10:53:50.208189Z,46.510563518456,8.476161157540,-1.3926093660,-3.75,true,0.000,0.000,0.000,0.000,-0.000,41,26,0,0.009,0.032,0.096,655,0,0,0,0.0001,0.0001,-0.0000,0.0000
15,2022-07-06T10:54:03.429575Z,46.510565758145,8.476173733844,-1.3926982611,-3.25,true,0.001,0.000,0.000,-0.000,-0.000,51,26,0,0.014,0.033,0.097,780,0,0,0,0.0001,0.0001,0.0000,0.0000
16,2022-07-06T10:54:05.463546Z,46.510572981608,8.476182924724,-1.3919102026,-3.67,true,0.000,0.000,0.001,0.000,-0.000,46,23,0,0.014,0.031,0.061,702,0,0,0,0.0001,0.0000,0.0000,0.0000
17,2022-07-06T10:54:16.764439Z,46.510574194712,8.476187294197,-1.3923093701,-3.87,true,0.000,0.000,0.001,0.000,-0.000,45,22,0,0.014,0.029,0.062,713,0,0,0,0.0000,0.0000,0.0000,0.0000
18,2022-07-06T10:54:37.61285Z,46.510600825822,8.476230415043,-1.3954192213,-3.79,true,0.000,0.000,0.001,-0.000,-0.000,37,24,0,0.010,0.028,0.067,615,0,0,0,-0.0000,0.0000,-0.0000,0.0000
19,2022-07-06T10:54:39.540019Z,46.510601259915,8.476198567002,-1.3920231016,-3.75,true,0.000,0.000,0.001,0.000,-0.000,37,24,0,0.014,0.031,0.064,537,0,0,0,-0.0000,0.0000,-0.0000,0.0000
20,2022-07-06T10:54:41.411102Z,46.510568088536,8.476175985379,-1.3926488350,-3.96,true,0.000,0.000,0.001,0.000,-0.000,50,20,0,0.014,0.027,0.061,730,0,0,0,0.0002,0.0001,-0.0000,0.0000
21,2022-07-06T10:54:45.72865Z,46.510564831135,8.476169170468,-1.3927636127,-3.66,true,0.000,0.000,0.000,0.000,-0.000,47,24,0,0.014,0.032,0.061,743,0,0,0,0.0000,0.0001,0.0000,0.0000
22,2022-07-06T10:54:55.241809Z,46.510593873568,8.476215433338,-1.3948928104,-3.54,true,0.000,0.000,0.001,0.000,-0.000,49,25,0,0.011,0.030,0.101,761,0,0,0,0.0000,0.0000,-0.0000,0.0000
23,2022-07-06T10:55:03.240126Z,46.510592961865,8.476215383716,-1.3951474370,-2.90,true,0.001,0.000,0.001,0.000,-0.000,48,30,0,0.011,0.037,0.104,767,0,0,0,0.0001,0.0000,0.0000,0.0000
24,2022-07-06T10:55:09.946919Z,46.510602546701,8.476216681494,-1.3936003201,-3.59,true,0.000,0.000,0.001,0.000,-0.000,44,25,0,0.012,0.030,0.101,634,0,0,0,-0.0001,0.0000,-0.0000,0.0000
25,2022-07-06T10:55:24.22993Z,46.510591604315,8.476217216584,-1.3955810649,-3.10,true,0.001,0.000,0.001,0.000,-0.000,42,28,0,0.010,0.034,0.105,715,0,0,0,0.0001,0.0000,-0.0000,0.0000
26,2022-07-06T10:55:54.49883Z,46.510574949559,8.476197906248,-1.3934549015,-3.80,true,0.000,0.000,0.001,0.000,-0.000,33,24,0,0.012,0.030,0.063,576,0,0,0,-0.0002,0.0000,0.0000,0.0000
27,2022-07-06T10:55:54.654259Z,46.510587630179,8.476212040573,-1.3959795744,-3.72,true,0.000,0.000,0.001,0.000,-0.000,32,24,0,0.010,0.029,0.066,520,0,0,0,0.0001,0.0000,-0.0000,0.0000
28,2022-07-06T10:56:06.888274Z,46.510594151766,8.476218896349,-1.3955197790,-3.70,true,0.000,0.000,0.001,0.000,-0.000,41,24,0,0.010,0.029,0.066,665,0,0,0,0.0000,0.0000,0.0000,0.0000
29,2022-07-06T10:57:12.322658Z,46.510594010604,8.476215193559,-1.3949356441,-3.60,true,0.000,0.000,0.001,0.000,-0.000,47,25,0,0.011,0.030,0.101,720,0,0,0,0.0000,0.0000,0.0000,0.0000
30,2022-07-06T10:58:58.040871Z,46.510600032234,8.476205569497,-1.3930121273,-4.15,true,0.000,0.000,0.001,0.000,-0.000,44,19,0,0.013,0.029,0.065,621,0,0,0,-0.0000,0.0000,0.0000,0.0000
31,2022-07-06T10:58:57.737456Z,46.510606510489,8.476224615178,-1.3939761263,-2.27,true,0.001,0.000,0.000,-0.000,-0.000,40,27,0,0.012,0.032,0.104,621,0,0,0,0.0001,0.0000,0.0000,0.0000
32,2022-07-06T10:59:05.186019Z,46.510591223008,8.476193093934,-1.3933443938,-3.64,true,0.000,0.000,0.001,0.000,-0.000,38,25,0,0.010,0.030,0.064,637,0,0,0,-0.0000,0.0000,-0.0000,0.0000
33,2022-07-06T11:02:51.804667Z,46.510585506958,8.476178039312,-1.3932436556,-3.11,true,0.001,0.000,0.000,0.000,-0.000,33,24,0,0.014,0.031,0.063,510,0,0,0,-0.0002,0.0000,-0.0000,0.0000
34,2022-07-06T11:03:25.728791Z,46.510585493453,8.476201139263,-1.3953632009,-3.55,true,0.000,0.000,0.001,0.000,-0.000,33,24,0,0.011,0.030,0.065,513,0,0,0,-0.0000,0.0000,-0.0000,0.0000
35,2022-07-06T11:03:35.119538Z,46.510572884090,8.476197785358,-1.3941567876,-3.74,true,0.000,0.000,0.000,0.000,-0.000,34,24,0,0.012,0.030,0.063,589,0,0,0,-0.0002,0.0000,0.0000,0.0000
36,2022-07-06T11:04:27.53312Z,46.510587528826,8.476202165767,-1.3949786499,-3.25,true,0.001,0.000,0.001,0.000,-0.000,38,26,0,0.011,0.031,0.104,622,0,0,0,-0.0000,0.0000,-0.0000,0.0000
37,2022-07-06T11:07:04.229327Z,46.510597271163,8.476221308769,-1.3950994758,-2.85,true,0.001,0.000,0.000,-0.000,-0.000,44,26,0,0.011,0.037,0.105,619,0,0,0,-0.0000,0.0000,-0.0000,0.0000
38,2022-07-06T11:08:33.010467Z,46.510595290222,8.476192155962,-1.3924566387,-4.36,true,0.000,0.000,0.000,0.000,-0.000,34,11,0,0.014,0.020,0.039,354,0,0,0,-0.0001,0.0000,0.0000,0.0000
39,2022-07-06T12:23:44.994762Z,46.510581107748,8.476201407680,-1.3962199033,-3.32,true,0.000,0.000,0.000,0.000,-0.000,31,26,0,0.011,0.031,0.101,478,0,0,0,-0.0001,0.0000,-0.0000,0.0000
40,2022-07-06T12:25:05.068341Z,46.510571702194,8.476191043001,-1.3937469728,-3.83,true,0.000,0.000,0.000,0.000,-0.000,32,24,0,0.012,0.030,0.063,560,0,0,0,-0.0001,0.0000,-0.0000,0.0000
41,2022-07-06T12:34:08.005371Z,46.510589871473,8.476183419901,-1.3927015191,-3.83,true,0.000,0.000,0.000,0.000,-0.000,33,24,0,0.014,0.031,0.063,527,0,0,0,-0.0001,0.0000,-0.0000,0.0000
42,2022-07-06T12:44:51.156986Z,46.510592791958,8.476182110924,-1.3919717282,-3.84,true,0.000,0.000,0.000,0.000,-0.000,34,22,0,0.015,0.030,0.063,526,0,0,0,-0.0000,0.0000,-0.0000,0.0000
43,2022-07-07T07:29:55.183132Z,46.510609376984,8.476241174973,-1.3946576371,-2.91,true,0.001,0.000,0.001,-0.000,-0.000,45,28,0,0.011,0.034,0.103,709,0,0,0,0.0000,0.0000,0.0000,0.0000
44,2022-07-07T07:29:59.335751Z,46.510599416030,8.476227664904,-1.3946367584,-3.71,true,0.000,0.000,0.001,0.000,-0.000,47,24,0,0.011,0.029,0.066,820,0,0,0,0.0001,0.0000,-0.0000,0.0000
45,2022-07-07T07:30:03.79514Z,46.510611115967,8.476247079029,-1.3946380157,-3.31,true,0.000,0.000,0.001,0.000,-0.000,39,26,0,0.011,0.032,0.103,534,0,0,0,-0.0000,0.0000,0.0000,0.0000
46,2022-07-07T07:30:28.669423Z,46.510641127633,8.476259714583,-1.3958991095,-3.90,true,0.000,0.000,0.001,-0.000,-0.000,36,19,0,0.012,0.027,0.049,383,0,0,0,-0.0002,0.0001,-0.0000,0.0000
47,2022-07-07T07:30:41.570518Z,46.510602993118,8.476232228489,-1.3943329634,-3.52,true,0.000,0.000,0.001,0.000,-0.000,40,25,0,0.011,0.030,0.102,752,0,0,0,-0.0000,0.0000,-0.0000,0.0000
48,2022-07-07T07:31:03.505407Z,46.510600462920,8.476227646606,-1.3944360214,-3.48,true,0.000,0.000,0.001,0.000,-0.000,53,25,0,0.011,0.030,0.102,929,0,0,0,0.0001,0.0000,0.0000,0.0000
49,2022-07-07T07:31:51.8195Z,46.510618730187,8.476246747445,-1.3928592262,-2.78,true,0.001,0.000,0.001,-0.000,-0.000,32,27,0,0.012,0.033,0.102,443,0,0,0,0.0000,0.0001,-0.0000,0.0000
50,2022-07-07T07:32:20.648837Z,46.510599247989,8.476225496967,-1.3945183652,-4.25,true,0.000,0.000,0.001,0.001,-0.000,34,6,0,0.011,0.019,0.032,200,0,0,0,-0.0000,0.0001,0.0000,0.0000
51,2022-07-07T07:32:28.491475Z,46.510601334424,8.476230991070,-1.3946534188,-3.84,true,0.000,0.000,0.001,0.000,-0.000,38,18,0,0.011,0.027,0.045,589,0,0,0,-0.0000,0.0000,0.0000,0.0000
52,2022-07-07T07:32:48.789061Z,46.510603101625,8.476231628788,-1.3943480811,-3.70,true,0.000,0.000,0.001,0.000,-0.000,41,24,0,0.011,0.030,0.066,748,0,0,0,-0.0000,0.0000,-0.0000,0.0000
53,2022-07-07T07:32:54.264064Z,46.510601759260,8.476230332701,-1.3945817186,-3.72,true,0.000,0.000,0.001,0.000,-0.000,46,23,0,0.011,0.029,0.067,823,0,0,0,0.0001,0.0000,-0.0000,0.0000
54,2022-07-07T07:33:00.485602Z,46.510608841928,8.476240886121,-1.3947423635,-3.55,true,0.000,0.000,0.001,0.000,-0.000,43,24,0,0.011,0.030,0.067,668,0,0,0,0.0001,0.0000,-0.0000,0.0000
55,2022-07-07T07:33:04.033236Z,46.510605925282,8.476230478807,-1.3935626804,-3.53,true,0.000,0.000,0.001,0.000,-0.000,39,24,0,0.012,0.030,0.066,670,0,0,0,-0.0001,0.0000,-0.0000,0.0000
56,2022-07-07T07:33:06.716302Z,46.510608076807,8.476239871291,-1.3946272014,-3.90,true,0.000,0.000,0.001,0.000,-0.000,41,24,0,0.011,0.030,0.067,658,0,0,0,0.0001,0.0000,0.0000,0.0000
57,2022-07-07T07:33:22.194996Z,46.510598074065,8.476226409892,-1.3952055564,-3.44,true,0.000,0.000,0.001,0.000,-0.000,38,25,0,0.010,0.029,0.102,645,0,0,0,-0.0001,0.0000,-0.0000,0.0000
58,2022-07-07T07:33:24.36354Z,46.510597400347,8.476226368174,-1.3953119976,-3.76,true,0.000,0.000,0.001,0.000,-0.000,36,24,0,0.010,0.029,0.067,598,0,0,0,-0.0001,0.0000,-0.0000,0.0000
59,2022-07-07T07:33:49.011194Z,46.510643543754,8.476261841143,-1.3956889687,-3.80,true,0.000,0.000,0.001,-0.000,-0.000,35,22,0,0.012,0.030,0.049,393,0,0,0,-0.0002,0.0001,-0.0000,0.0000
60,2022-07-07T07:33:55.145911Z,46.510601349413,8.476232006365,-1.3948175247,-3.85,true,0.000,0.000,0.001,0.000,-0.000,38,22,0,0.011,0.028,0.067,663,0,0,0,-0.0000,0.0000,0.0000,0.0000
61,2022-07-07T07:33:59.034515Z,46.510600187245,8.476226472785,-1.3942057718,-3.57,true,0.000,0.000,0.001,0.000,-0.000,42,23,0,0.011,0.029,0.066,728,0,0,0,-0.0001,0.0000,0.0000,0.0000
62,2022-07-07T07:34:26.367735Z,46.510602105213,8.476232192433,-1.3946084525,-3.87,true,0.000,0.000,0.001,0.000,-0.000,46,23,0,0.011,0.029,0.067,801,0,0,0,0.0001,0.0000,-0.0000,0.0000
63,2022-07-07T07:35:12.85894Z,46.510605616951,8.476229754157,-1.3935113356,-3.73,true,0.000,0.000,0.001,0.000,-0.000,37,24,0,0.012,0.030,0.066,617,0,0,0,-0.0001,0.0000,-0.0000,0.0000
64,2022-07-07T07:35:40.205924Z,46.510605865518,8.476230370897,-1.3937334968,-3.65,true,0.000,0.000,0.001,0.000,-0.000,42,23,0,0.012,0.029,0.066,711,0,0,0,-0.0001,0.0000,-0.0000,0.0000
65,2022-07-07T07:36:22.257202Z,46.510601885535,8.476232061795,-1.3948074861,-3.85,true,0.000,0.000,0.001,0.000,-0.000,42,23,0,0.011,0.028,0.067,737,0,0,0,0.0001,0.0000,0.0000,0.0000
66,2022-07-07T12:19:40.500309Z,46.510611262364,8.476216899559,-1.3920141439,-3.61,true,0.000,0.000,0.001,-0.000,-0.000,36,22,0,0.013,0.030,0.065,480,0,0,0,-0.0001,0.0001,-0.0000,0.0000
67,2022-07-06T10:43:55.634555Z,46.510577566894,8.476189798686,-1.3922467376,-4.67,true,0.000,0.000,0.001,0.000,-0.000,61,9,0,0.014,0.021,0.028,514,0,0,0,-0.0000,0.0000,-0.0000,0.0000
68,2022-07-06T10:44:54.06224Z,46.510572723427,8.476193275938,-1.3937932220,-4.36,true,0.000,0.000,0.000,0.000,0.000,33,16,0,0.012,0.025,0.040,465,0,0,0,0.0000,0.0000,0.0000,0.0000
69,2022-07-06T10:45:12.991238Z,46.510586097585,8.476184534756,-1.3929198576,-4.26,true,0.000,0.000,0.001,0.000,0.000,41,7,0,0.017,0.028,0.040,254,0,0,0,-0.0000,0.0000,-0.0000,0.0000
70,2022-07-06T10:46:23.977478Z,46.510584467849,8.476192445526,-1.3925149925,-4.04,true,0.000,0.000,0.001,-0.000,-0.000,52,17,0,0.013,0.028,0.042,688,0,0,0,-0.0000,0.0000,0.0000,0.0000
71,2022-07-06T10:46:50.867994Z,46.510578076761,8.476197230501,-1.3926739194,-4.23,true,0.000,0.000,0.000,0.000,0.000,42,19,0,0.013,0.028,0.051,644,0,0,0,-0.0001,0.0000,-0.0000,0.0000
72,2022-07-06T10:47:02.348197Z,46.510606974948,8.476222193064,-1.3933970536,-4.38,true,0.000,0.000,0.000,-0.000,0.000,43,9,0,0.012,0.027,0.045,336,0,0,0,-0.0000,0.0000,0.0000,0.0000
73,2022-07-06T10:47:22.019122Z,46.510581194915,8.476194793728,-1.3926324637,-4.43,true,0.001,0.000,0.006,0.002,-0.000,41,8,0,0.013,0.021,0.039,258,0,0,0,-0.0001,0.0001,-0.0000,0.0000
74,2022-07-06T10:47:48.203507Z,46.510601305354,8.476232863762,-1.3954053648,-4.22,true,0.000,0.000,0.000,0.000,0.000,37,19,0,0.010,0.027,0.045,572,0,0,0,0.0000,0.0000,-0.0000,0.0000
75,2022-07-06T10:47:53.822106Z,46.510575784639,8.476190264932,-1.3921343078,-4.48,true,0.001,0.000,0.004,0.002,-0.000,32,14,0,0.014,0.023,0.041,364,0,0,0,-0.0001,0.0002,0.0000,0.0000
76,2022-07-06T10:48:11.210074Z,46.510565348087,8.476171094310,-1.3929122189,-4.43,true,0.000,0.000,0.001,-0.000,-0.000,49,12,0,0.014,0.023,0.039,530,0,0,0,-0.0000,0.0000,-0.0000,0.0000
77,2022-07-06T10:48:49.42275Z,46.510568855138,8.476171868750,-1.3921609370,-4.56,true,0.000,0.000,0.000,0.001,0.000,34,7,0,0.015,0.020,0.027,224,0,0,0,0.0000,0.0000,0.0000,0.0000
78,2022-07-06T10:49:00.086872Z,46.510574158820,8.476172809186,-1.3914874741,-4.26,true,0.000,0.000,0.000,0.001,-0.000,47,10,0,0.015,0.025,0.040,390,0,0,0,-0.0000,0.0001,0.0000,0.0000
79,2022-07-06T10:49:01.873949Z,46.510577615772,8.476191863271,-1.3924318306,-4.24,true,0.000,0.000,0.000,0.000,0.000,56,20,0,0.009,0.027,0.041,863,0,0,0,-0.0001,0.0000,-0.0000,0.0000
80,2022-07-06T10:49:28.714125Z,46.510564906149,8.476171147213,-1.3926790083,-4.52,true,0.000,0.000,0.000,0.000,-0.000,43,11,0,0.014,0.022,0.031,426,0,0,0,-0.0001,0.0001,-0.0000,0.0000
81,2022-07-06T10:49:42.348422Z,46.510567288802,8.476171263068,-1.3924575554,-4.28,true,0.000,0.000,0.000,-0.000,-0.000,54,19,0,0.014,0.026,0.061,789,0,0,0,-0.0000,0.0001,-0.0000,0.0000
82,2022-07-06T10:49:42.55635Z,46.510573769430,8.476172442706,-1.3915541832,-4.33,true,0.001,0.000,0.001,-0.003,-0.000,35,15,0,0.015,0.026,0.040,442,0,0,0,-0.0003,0.0001,0.0000,0.0000
83,2022-07-06T10:50:01.35826Z,46.510577733418,8.476207626691,-1.3935396038,-4.16,true,0.000,0.000,0.000,0.000,-0.000,31,23,0,0.008,0.029,0.050,541,0,0,0,0.0000,0.0000,-0.0000,0.0000
84,2022-07-06T10:50:08.807686Z,46.510567172280,8.476168316964,-1.3922488574,-4.46,true,0.000,0.000,0.001,-0.000,-0.000,58,13,0,0.015,0.024,0.039,667,0,0,0,-0.0000,0.0001,-0.0000,0.0000
85,2022-07-06T10:50:10.676189Z,46.510573914724,8.476156933928,-1.3914835977,-4.14,true,0.000,0.000,0.001,0.000,-0.000,48,9,0,0.018,0.026,0.038,347,0,0,0,-0.0000,0.0001,-0.0000,0.0000
86,2022-07-06T10:50:11.275173Z,46.510581505168,8.476193404840,-1.3923499030,-4.56,true,0.000,0.000,0.001,0.000,-0.000,57,9,0,0.013,0.021,0.028,488,0,0,0,-0.0001,0.0000,-0.0000,0.0000
87,2022-07-06T10:50:20.91695Z,46.510609503842,8.476217980247,-1.3925060054,-4.57,true,0.000,0.000,0.000,0.000,0.000,35,8,0,0.013,0.017,0.040,264,0,0,0,-0.0001,0.0000,-0.0000,0.0000
88,2022-07-06T10:50:44.446918Z,46.510564215976,8.476164176106,-1.3925489232,-4.05,true,0.000,0.000,0.000,0.000,0.000,43,22,0,0.008,0.029,0.061,591,0,0,0,0.0000,0.0001,0.0000,0.0000
89,2022-07-06T10:50:54.11156Z,46.510576555925,8.476192880785,-1.3927828810,-4.71,true,0.001,0.002,0.004,0.002,-0.000,35,11,0,0.013,0.022,0.039,323,0,0,0,-0.0002,0.0001,-0.0000,0.0000
90,2022-07-06T10:51:23.694428Z,46.510587356660,8.476213293915,-1.3960941799,-4.71,true,0.000,0.000,0.000,0.000,-0.000,32,8,0,0.010,0.020,0.032,246,0,0,0,0.0001,0.0000,-0.0000,0.0000
91,2022-07-06T10:51:33.122528Z,46.510572208030,8.476180006977,-1.3921224056,-4.53,true,0.000,0.000,0.001,-0.001,-0.000,45,8,0,0.018,0.023,0.038,339,0,0,0,-0.0001,0.0001,-0.0000,0.0000
92,2022-07-06T10:51:56.111942Z,46.510568806389,8.476171400217,-1.3921229160,-4.45,true,0.000,0.000,0.000,-0.000,-0.000,58,14,0,0.015,0.024,0.039,718,0,0,0,-0.0000,0.0001,-0.0000,0.0000
93,2022-07-06T10:52:25.538381Z,46.510575154911,8.476187611532,-1.3922468580,-4.31,true,0.000,0.000,0.001,0.001,0.000,40,10,0,0.014,0.023,0.038,333,0,0,0,0.0000,0.0000,-0.0000,0.0000
94,2022-07-06T10:52:28.844811Z,46.510574546245,8.476187125069,-1.3915750022,-4.60,true,0.000,0.000,0.001,-0.001,-0.000,34,6,0,0.014,0.018,0.038,200,0,0,0,0.0001,0.0000,-0.0000,0.0000
95,2022-07-06T10:52:33.241693Z,46.510605519449,8.476198655866,-1.3924472870,-4.51,true,0.000,0.000,0.002,0.001,-0.000,49,7,0,0.014,0.026,0.030,317,0,0,0,-0.0001,0.0000,-0.0000,0.0000
96,2022-07-06T10:52:45.556488Z,46.510570751544,8.476183592464,-1.3932700885,-4.16,true,0.002,0.002,0.006,-0.003,-0.001,31,12,0,0.013,0.027,0.045,278,0,0,0,-0.0003,0.0006,-0.0000,0.0000
97,2022-07-06T10:52:49.190787Z,46.510602704563,8.476223477132,-1.3943311034,-4.17,true,0.000,0.000,0.000,0.000,-0.000,38,20,0,0.011,0.028,0.044,545,0,0,0,-0.0000,0.0000,-0.0000,0.0000
98,2022-07-06T10:52:50.82809Z,46.510550558845,8.476197317987,-1.3937625526,-4.38,true,0.000,0.000,0.008,-0.001,0.000,32,3,0,0.025,0.027,0.035,91,0,0,0,0.0001,0.0001,-0.0000,0.0000
99,2022-07-06T10:52:52.811041Z,46.510592644798,8.476218160700,-1.3956428849,-4.42,true,0.000,0.000,0.000,0.000,-0.000,42,16,0,0.010,0.025,0.043,521,0,0,0,0.0000,0.0000,0.0000,0.0000
100,2022-07-06T10:52:52.926568Z,46.510573599427,8.476192897552,-1.3932963932,-4.06,true,0.001,0.001,0.002,-0.001,-0.000,35,24,0,0.008,0.029,0.063,564,0,0,0,-0.0001,0.0002,-0.0000,0.0000
101,2022-07-06T10:52:53.286396Z,46.510595441498,8.476192524691,-1.3922722371,-4.41,true,0.001,0.001,0.002,-0.003,-0.000,35,17,0,0.014,0.026,0.042,486,0,0,0,-0.0002,0.0003,-0.0000,0.0000
102,2022-07-06T10:52:54.797718Z,46.510578365693,8.476186383157,-1.3911413312,-4.43,true,0.000,0.000,0.000,-0.000,-0.000,41,14,0,0.015,0.022,0.041,503,0,0,0,-0.0000,0.0001,0.0000,0.0000
103,2022-07-06T10:52:56.161557Z,46.510585633705,8.476150400212,-1.3889519440,-4.39,true,0.001,0.002,0.007,0.007,0.000,31,5,0,0.016,0.021,0.026,127,0,0,0,-0.0004,0.0002,-0.0000,0.0000
104,2022-07-06T10:52:58.484396Z,46.510569453213,8.476173646935,-1.3922041688,-4.29,true,0.000,0.000,0.000,-0.000,-0.000,56,20,0,0.009,0.026,0.040,824,0,0,0,-0.0000,0.0000,-0.0000,0.0000
105,2022-07-06T10:53:00.615111Z,46.510595396428,8.476192281580,-1.3925054071,-4.48,true,0.000,0.000,0.000,-0.000,-0.000,34,12,0,0.014,0.022,0.042,370,0,0,0,0.0000,0.0000,0.0000,0.0000
106,2022-07-06T10:53:02.25813Z,46.510564210757,8.476170861684,-1.3927209164,-4.46,true,0.000,0.000,0.000,0.000,-0.000,42,10,0,0.014,0.021,0.026,377,0,0,0,-0.0000,0.0001,0.0000,0.0000
107,2022-07-06T10:53:06.118272Z,46.510574169615,8.476181412716,-1.3919899315,-4.51,true,0.000,0.000,0.000,0.000,0.000,48,13,0,0.014,0.023,0.038,546,0,0,0,0.0000,0.0000,-0.0000,0.0000
108,2022-07-06T10:53:06.387287Z,46.510600307493,8.476206280783,-1.3930534330,-4.18,true,0.002,0.000,0.008,0.004,0.001,33,13,0,0.013,0.026,0.043,240,0,0,0,0.0000,0.0003,0.0000,0.0000
109,2022-07-06T10:53:06.899061Z,46.510578355682,8.476155889751,-1.3904840954,-4.59,true,0.000,0.000,0.000,-0.000,-0.000,37,8,0,0.017,0.020,0.036,288,0,0,0,0.0000,0.0000,0.0000,0.0000
110,2022-07-06T10:53:09.158678Z,46.510601189661,8.476219341636,-1.3941317243,-4.35,true,0.000,0.000,0.000,0.000,-0.000,37,17,0,0.011,0.026,0.044,476,0,0,0,0.0000,0.0000,0.0000,0.0000
111,2022-07-06T10:53:09.349501Z,46.510572882603,8.476155002492,-1.3914583427,-4.28,true,0.000,0.000,0.000,-0.000,-0.000,42,19,0,0.016,0.026,0.060,623,0,0,0,0.0000,0.0001,0.0000,0.0000
112,2022-07-06T10:53:10.42448Z,46.510593700688,8.476218283532,-1.3955029415,-4.47,true,0.000,0.000,0.000,-0.000,-0.000,45,14,0,0.010,0.026,0.043,527,0,0,0,-0.0000,0.0000,-0.0000,0.0000
113,2022-07-06T10:53:10.844479Z,46.510565189758,8.476170502507,-1.3926699889,-4.49,true,0.000,0.000,0.000,-0.000,0.000,43,12,0,0.014,0.023,0.038,456,0,0,0,-0.0001,0.0001,-0.0000,0.0000
114,2022-07-06T10:53:13.648703Z,46.510590148128,8.476211547889,-1.3950055103,-4.46,true,0.000,0.000,0.000,-0.000,-0.000,37,15,0,0.011,0.026,0.042,454,0,0,0,0.0000,0.0000,-0.0000,0.0000
115,2022-07-06T10:53:14.285761Z,46.510606083287,8.476199323002,-1.3927764564,-4.12,true,0.000,0.000,0.003,0.001,0.000,36,9,0,0.014,0.029,0.042,244,0,0,0,-0.0000,0.0000,-0.0000,0.0000
116,2022-07-06T10:53:19.18964Z,46.510590101631,8.476205867887,-1.3948756053,-4.54,true,0.001,0.000,0.002,-0.003,-0.000,37,12,0,0.011,0.023,0.041,390,0,0,0,-0.0000,0.0000,-0.0000,0.0000
117,2022-07-06T10:53:24.247405Z,46.510587242571,8.476201855787,-1.3949406839,-4.06,true,0.000,0.000,0.000,-0.000,0.000,34,22,0,0.010,0.028,0.065,525,0,0,0,0.0000,0.0000,0.0000,0.0000
118,2022-07-06T10:53:26.25201Z,46.510576264085,8.476157323465,-1.3911309161,-4.57,true,0.001,0.001,0.001,-0.003,-0.000,33,14,0,0.016,0.023,0.037,414,0,0,0,-0.0002,0.0003,-0.0000,0.0000
119,2022-07-06T10:53:28.824447Z,46.510579551872,8.476158764864,-1.3906634962,-4.45,true,0.000,0.000,0.000,-0.000,-0.000,38,16,0,0.016,0.025,0.040,517,0,0,0,-0.0001,0.0001,-0.0000,0.0000
120,2022-07-06T10:53:32.330623Z,46.510565045744,8.476171210067,-1.3926386508,-4.46,true,0.000,0.000,0.000,0.000,0.000,43,12,0,0.014,0.023,0.038,456,0,0,0,-0.0001,0.0001,-0.0000,0.0000
121,2022-07-06T10:53:33.351458Z,46.510571442432,8.476177105526,-1.3919678846,-4.10,true,0.001,0.001,0.003,-0.001,-0.000,37,20,0,0.014,0.029,0.061,540,0,0,0,-0.0002,0.0002,-0.0000,0.0000
122,2022-07-06T10:53:34.221907Z,46.510573945574,8.476173342116,-1.3914772757,-4.46,true,0.000,0.000,0.000,-0.000,-0.000,50,14,0,0.015,0.023,0.040,639,0,0,0,-0.0000,0.0001,-0.0000,0.0000
123,2022-07-06T10:53:35.595011Z,46.510577737522,8.476190626615,-1.3917362413,-4.56,true,0.000,0.000,0.000,-0.000,-0.000,40,10,0,0.014,0.022,0.038,362,0,0,0,-0.0000,0.0000,0.0000,0.0000
124,2022-07-06T10:53:36.079727Z,46.510578866482,8.476190349521,-1.3913982891,-4.38,true,0.000,0.000,0.000,-0.000,-0.000,38,16,0,0.009,0.023,0.041,501,0,0,0,-0.0000,0.0001,0.0000,0.0000
125,2022-07-06T10:53:36.346456Z,46.510570851181,8.476182356969,-1.3933937160,-4.50,true,0.000,0.000,0.000,-0.000,-0.000,38,12,0,0.013,0.024,0.040,413,0,0,0,0.0000,0.0000,0.0000,0.0000
126,2022-07-06T10:53:36.627931Z,46.510573222050,8.476182085492,-1.3919658101,-4.45,true,0.000,0.000,0.000,-0.000,-0.000,48,14,0,0.014,0.024,0.040,576,0,0,0,0.0000,0.0000,-0.0000,0.0000
127,2022-07-06T10:53:38.979343Z,46.510578375133,8.476196824875,-1.3925972565,-4.14,true,0.000,0.000,0.000,0.000,0.000,49,21,0,0.009,0.028,0.063,792,0,0,0,-0.0001,0.0000,-0.0000,0.0000
128,2022-07-06T10:53:39.856083Z,46.510575947910,8.476182455000,-1.3915653108,-4.61,true,0.000,0.000,0.000,-0.000,-0.000,45,10,0,0.014,0.021,0.038,411,0,0,0,-0.0000,0.0001,-0.0000,0.0000
129,2022-07-06T10:53:41.466315Z,46.510593764737,8.476218467078,-1.3954975635,-4.56,true,0.000,0.000,0.000,0.000,-0.000,41,12,0,0.010,0.023,0.038,437,0,0,0,0.0000,0.0000,-0.0000,0.0000
130,2022-07-06T10:53:41.886638Z,46.510601318011,8.476218720698,-1.3940318972,-4.37,true,0.000,0.000,0.000,-0.000,-0.000,45,14,0,0.012,0.026,0.044,532,0,0,0,-0.0000,0.0000,0.0000,0.0000
131,2022-07-06T10:53:43.320365Z,46.510574768763,8.476166545890,-1.3906906142,-4.46,true,0.000,0.000,0.000,-0.000,-0.000,41,15,0,0.016,0.023,0.040,537,0,0,0,-0.0000,0.0001,-0.0000,0.0000
132,2022-07-06T10:53:46.85259Z,46.510591674132,8.476216945326,-1.3955997159,-4.60,true,0.000,0.000,0.000,-0.000,-0.000,37,10,0,0.010,0.024,0.042,324,0,0,0,0.0000,0.0000,0.0000,0.0000
133,2022-07-06T10:53:47.990311Z,46.510602184646,8.476220650501,-1.3945338210,-4.61,true,0.000,0.000,0.000,0.000,-0.000,37,7,0,0.011,0.018,0.027,254,0,0,0,-0.0000,0.0000,-0.0000,0.0000
134,2022-07-06T10:53:48.821335Z,46.510600699644,8.476217650283,-1.3940593996,-4.33,true,0.000,0.000,0.000,-0.000,0.000,39,15,0,0.012,0.026,0.066,460,0,0,0,-0.0000,0.0000,0.0000,0.0000
135,2022-07-06T10:53:53.620999Z,46.510580395673,8.476186402656,-1.3916489504,-4.12,true,0.000,0.000,0.001,0.000,0.000,34,10,0,0.016,0.027,0.039,272,0,0,0,0.0000,0.0000,-0.0000,0.0000
136,2022-07-06T10:53:53.794658Z,46.510586812330,8.476197939652,-1.3946462525,-4.52,true,0.000,0.000,0.000,0.000,-0.000,34,11,0,0.012,0.021,0.036,329,0,0,0,0.0000,0.0000,-0.0000,0.0000
137,2022-07-06T10:53:54.059505Z,46.510563893696,8.476160561632,-1.3925329609,-4.08,true,0.000,0.000,0.001,0.000,0.000,36,10,0,0.019,0.028,0.049,270,0,0,0,-0.0000,0.0001,0.0000,0.0000
138,2022-07-06T10:53:59.517274Z,46.510577244640,8.476196756139,-1.3929096935,-4.19,true,0.000,0.000,0.000,0.000,0.000,39,21,0,0.013,0.028,0.063,629,0,0,0,-0.0001,0.0000,0.0000,0.0000
139,2022-07-06T10:54:00.651047Z,46.510594308468,8.476191636358,-1.3924694165,-4.39,true,0.000,0.000,0.000,-0.000,-0.000,35,16,0,0.010,0.024,0.042,464,0,0,0,0.0000,0.0000,-0.0000,0.0000
140,2022-07-06T10:54:01.863038Z,46.510585422359,8.476208565579,-1.3959632585,-4.32,true,0.000,0.000,0.000,-0.000,0.000,33,17,0,0.010,0.027,0.042,441,0,0,0,0.0001,0.0000,-0.0000,0.0000
141,2022-07-06T10:54:06.773388Z,46.510602530397,8.476208724302,-1.3928760562,-4.48,true,0.000,0.000,0.000,-0.000,-0.000,40,13,0,0.013,0.026,0.044,460,0,0,0,-0.0000,0.0000,-0.0000,0.0000
142,2022-07-06T10:54:07.418773Z,46.510595520091,8.476222040196,-1.3956738543,-4.63,true,0.000,0.000,0.000,-0.000,-0.000,43,9,0,0.010,0.020,0.044,356,0,0,0,0.0000,0.0000,0.0000,0.0000
143,2022-07-06T10:54:07.43915Z,46.510575761765,8.476199486296,-1.3935946327,-4.59,true,0.001,0.001,0.004,0.002,-0.000,34,14,0,0.012,0.024,0.040,380,0,0,0,-0.0002,0.0002,0.0000,0.0000
144,2022-07-06T10:54:07.464024Z,46.510591607330,8.476205138181,-1.3944299294,-4.40,true,0.001,0.000,0.002,-0.003,-0.000,34,18,0,0.010,0.026,0.043,481,0,0,0,-0.0001,0.0003,0.0000,0.0000
145,2022-07-06T10:54:08.268805Z,46.510573482984,8.476181599744,-1.3916579847,-4.06,true,0.001,0.001,0.003,-0.001,-0.000,38,23,0,0.009,0.028,0.061,588,0,0,0,-0.0001,0.0002,-0.0000,0.0000
146,2022-07-06T10:54:08.959924Z,46.510565737544,8.476172517332,-1.3931741429,-4.24,true,0.000,0.000,0.000,-0.000,-0.000,42,19,0,0.014,0.026,0.062,602,0,0,0,0.0000,0.0001,-0.0000,0.0000
147,2022-07-06T10:54:09.137289Z,46.510576240416,8.476185163143,-1.3915588552,-4.43,true,0.000,0.000,0.000,-0.000,-0.000,46,14,0,0.014,0.023,0.041,552,0,0,0,-0.0001,0.0001,0.0000,0.0000
148,2022-07-06T10:54:10.048982Z,46.510598072096,8.476202773857,-1.3929988010,-4.41,true,0.000,0.000,0.000,-0.000,-0.000,34,14,0,0.013,0.026,0.043,399,0,0,0,0.0001,0.0000,0.0000,0.0000
149,2022-07-06T10:54:12.511676Z,46.510589174106,8.476204750515,-1.3950024543,-4.31,true,0.001,0.002,0.004,-0.001,-0.000,33,16,0,0.011,0.026,0.042,388,0,0,0,-0.0003,0.0003,0.0000,0.0000
150,2022-07-06T10:54:12.850292Z,46.510572223559,8.476180897548,-1.3922073591,-4.26,true,0.001,0.000,0.003,-0.001,-0.000,38,18,0,0.014,0.027,0.040,554,0,0,0,-0.0002,0.0002,-0.0000,0.0000
151,2022-07-06T10:54:14.598842Z,46.510601168443,8.476216577789,-1.3938388627,-4.69,true,0.000,0.000,0.002,-0.001,-0.000,40,9,0,0.012,0.019,0.031,327,0,0,0,-0.0000,0.0001,0.0000,0.0000
152,2022-07-06T10:54:15.091499Z,46.510576412279,8.476157989158,-1.3911342313,-4.52,true,0.000,0.000,0.000,-0.000,-0.000,38,14,0,0.016,0.023,0.039,470,0,0,0,-0.0000,0.0001,-0.0000,0.0000
153,2022-07-06T10:54:20.86751Z,46.510577403361,8.476189475805,-1.3922162623,-4.20,true,0.001,0.001,0.003,-0.001,-0.000,36,21,0,0.014,0.028,0.051,553,0,0,0,-0.0002,0.0002,-0.0000,0.0000
154,2022-07-06T10:54:22.241129Z,46.510587557732,8.476200791964,-1.3943986435,-4.71,true,0.000,0.000,0.001,0.000,-0.000,35,8,0,0.012,0.020,0.028,258,0,0,0,0.0000,0.0000,-0.0000,0.0000
155,2022-07-06T10:54:22.323447Z,46.510591509796,8.476217449817,-1.3957544467,-4.65,true,0.000,0.000,0.000,0.000,-0.000,35,10,0,0.010,0.021,0.028,323,0,0,0,0.0001,0.0000,-0.0000,0.0000
156,2022-07-06T10:54:22.516086Z,46.510573176347,8.476180072764,-1.3918368593,-4.34,true,0.000,0.000,0.001,-0.000,-0.000,48,17,0,0.014,0.026,0.040,624,0,0,0,-0.0000,0.0000,0.0000,0.0000
157,2022-07-06T10:54:27.267643Z,46.510576647025,8.476185079633,-1.3915580699,-4.21,true,0.000,0.000,0.001,0.001,0.000,34,10,0,0.018,0.030,0.040,245,0,0,0,0.0001,0.0001,-0.0000,0.0000
158,2022-07-06T10:54:31.777573Z,46.510574702464,8.476184528814,-1.3918341933,-4.46,true,0.000,0.000,0.000,-0.000,-0.000,48,16,0,0.009,0.023,0.041,619,0,0,0,-0.0000,0.0000,0.0000,0.0000
159,2022-07-06T10:54:33.453344Z,46.510575937950,8.476185339902,-1.3916885296,-4.22,true,0.000,0.000,0.000,0.000,-0.000,48,19,0,0.009,0.026,0.041,678,0,0,0,-0.0000,0.0000,-0.0000,0.0000
160,2022-07-06T10:54:34.460607Z,46.510574302540,8.476184119411,-1.3920092290,-4.40,true,0.000,0.000,0.000,-0.000,-0.000,50,14,0,0.014,0.024,0.040,603,0,0,0,0.0000,0.0000,-0.0000,0.0000
161,2022-07-06T10:54:34.551289Z,46.510569040819,8.476171598118,-1.3921060079,-4.42,true,0.000,0.000,0.000,-0.000,-0.000,59,15,0,0.015,0.024,0.039,772,0,0,0,-0.0000,0.0001,-0.0000,0.0000
162,2022-07-06T10:54:34.950183Z,46.510588014695,8.476210762608,-1.3954228319,-4.28,true,0.003,0.000,0.008,-0.006,0.001,33,14,0,0.011,0.025,0.043,389,0,0,0,-0.0002,0.0002,0.0000,0.0000
163,2022-07-06T10:54:35.950338Z,46.510575281844,8.476185592220,-1.3917609832,-4.20,true,0.001,0.001,0.003,-0.001,-0.000,39,22,0,0.014,0.030,0.062,614,0,0,0,-0.0002,0.0002,-0.0000,0.0000
164,2022-07-06T10:54:35.970952Z,46.510566560378,8.476173445190,-1.3925802967,-4.16,true,0.000,0.000,0.002,0.000,0.000,36,9,0,0.018,0.026,0.038,252,0,0,0,-0.0000,0.0001,-0.0000,0.0000
165,2022-07-06T10:54:37.474302Z,46.510568711461,8.476176786417,-1.3925728350,-4.22,true,0.000,0.000,0.000,0.000,-0.000,55,19,0,0.008,0.025,0.040,799,0,0,0,-0.0000,0.0000,0.0000,0.0000
166,2022-07-06T10:54:37.501407Z,46.510576921306,8.476188093886,-1.3918029525,-4.35,true,0.000,0.000,0.000,0.000,-0.000,45,13,0,0.014,0.023,0.038,502,0,0,0,0.0000,0.0000,0.0000,0.0000
167,2022-07-06T10:54:38.196019Z,46.510570692703,8.476181425334,-1.3930214655,-4.06,true,0.000,0.000,0.000,0.000,0.000,39,21,0,0.008,0.027,0.051,586,0,0,0,0.0000,0.0000,-0.0000,0.0000
168,2022-07-06T10:54:38.697579Z,46.510601089673,8.476231641493,-1.3953461644,-4.44,true,0.000,0.000,0.000,-0.000,-0.000,36,13,0,0.010,0.025,0.042,435,0,0,0,-0.0000,0.0000,0.0000,0.0000
169,2022-07-06T10:54:43.948888Z,46.510565253698,8.476171308864,-1.3930936621,-4.43,true,0.000,0.000,0.001,-0.000,-0.000,37,14,0,0.008,0.023,0.039,431,0,0,0,0.0000,0.0000,-0.0000,0.0000
170,2022-07-06T10:54:45.841624Z,46.510565446249,8.476173964889,-1.3926141933,-4.48,true,0.000,0.000,0.000,-0.000,-0.000,51,12,0,0.014,0.023,0.039,541,0,0,0,-0.0000,0.0001,-0.0000,0.0000
171,2022-07-06T10:54:47.910313Z,46.510578925098,8.476191249851,-1.3923049926,-4.60,true,0.001,0.000,0.004,0.002,-0.000,33,11,0,0.013,0.023,0.039,307,0,0,0,-0.0002,0.0002,0.0000,0.0000
172,2022-07-06T10:54:47.950417Z,46.510591720364,8.476212142769,-1.3950513642,-4.42,true,0.000,0.000,0.000,-0.000,-0.000,41,17,0,0.010,0.026,0.043,507,0,0,0,0.0000,0.0000,0.0000,0.0000
173,2022-07-06T10:54:49.971674Z,46.510576071155,8.476157772865,-1.3911266129,-4.57,true,0.001,0.001,0.001,-0.003,-0.000,33,14,0,0.016,0.023,0.037,410,0,0,0,-0.0002,0.0003,-0.0000,0.0000
174,2022-07-06T10:54:54.271986Z,46.510600389929,8.476216463839,-1.3940268049,-4.44,true,0.000,0.000,0.000,-0.000,-0.000,41,14,0,0.012,0.026,0.044,492,0,0,0,-0.0000,0.0000,-0.0000,0.0000
175,2022-07-06T10:55:00.496691Z,46.510600927894,8.476216570203,-1.3938534900,-4.41,true,0.000,0.000,0.000,-0.000,-0.000,41,16,0,0.012,0.026,0.044,515,0,0,0,-0.0000,0.0000,-0.0000,0.0000
176,2022-07-06T10:55:00.908711Z,46.510563388223,8.476160208778,-1.3926114015,-4.35,true,0.000,0.000,0.000,-0.000,-0.000,43,17,0,0.015,0.025,0.061,602,0,0,0,0.0000,0.0001,-0.0000,0.0000
177,2022-07-06T10:55:03.707865Z,46.510576738928,8.476211661330,-1.3941546263,-4.29,true,0.000,0.000,0.000,-0.000,-0.000,31,18,0,0.011,0.027,0.049,456,0,0,0,0.0001,0.0000,0.0000,0.0000
178,2022-07-06T10:55:04.937125Z,46.510598425828,8.476219989248,-1.3947148323,-4.68,true,0.000,0.000,0.001,-0.001,-0.000,41,8,0,0.011,0.019,0.039,303,0,0,0,0.0000,0.0000,-0.0000,0.0000
179,2022-07-06T10:55:09.396238Z,46.510564866481,8.476156768065,-1.3923557536,-4.27,true,0.000,0.000,0.002,-0.000,-0.000,35,19,0,0.015,0.026,0.040,493,0,0,0,0.0000,0.0000,0.0000,0.0000
180,2022-07-06T10:55:12.000955Z,46.510570548924,8.476181907168,-1.3933966436,-4.43,true,0.000,0.000,0.000,-0.000,-0.000,40,14,0,0.013,0.024,0.040,493,0,0,0,-0.0000,0.0000,0.0000,0.0000
181,2022-07-06T10:55:19.507336Z,46.510577190541,8.476182861892,-1.3912935100,-4.33,true,0.001,0.001,0.001,-0.003,-0.000,34,18,0,0.015,0.027,0.041,491,0,0,0,-0.0001,0.0003,-0.0000,0.0000
182,2022-07-06T10:55:24.499456Z,46.510597459346,8.476216882684,-1.3949030348,-4.29,true,0.000,0.000,0.001,0.000,0.000,41,8,0,0.011,0.022,0.032,268,0,0,0,0.0000,0.0000,0.0000,0.0000
183,2022-07-06T10:55:26.444193Z,46.510573365307,8.476179319515,-1.3918416093,-4.06,true,0.000,0.000,0.000,-0.000,0.000,48,20,0,0.009,0.027,0.061,668,0,0,0,0.0000,0.0001,0.0000,0.0000
184,2022-07-06T10:55:44.086324Z,46.510589262704,8.476204562383,-1.3949867746,-4.33,true,0.000,0.000,0.000,0.000,-0.000,36,12,0,0.011,0.023,0.037,375,0,0,0,0.0001,0.0000,-0.0000,0.0000
185,2022-07-06T10:55:53.381493Z,46.510597679425,8.476220313105,-1.3949183696,-4.39,true,0.000,0.000,0.000,-0.000,-0.000,38,9,0,0.011,0.019,0.042,317,0,0,0,0.0000,0.0000,-0.0000,0.0000
186,2022-07-06T10:56:00.926852Z,46.510570250645,8.476181884029,-1.3930958832,-4.12,true,0.000,0.000,0.001,0.000,0.000,33,5,0,0.017,0.021,0.024,156,0,0,0,0.0000,0.0000,0.0000,0.0000
187,2022-07-06T10:56:09.440865Z,46.510601883693,8.476208810826,-1.3930109395,-4.14,true,0.000,0.000,0.000,-0.000,0.000,42,22,0,0.013,0.030,0.065,616,0,0,0,-0.0000,0.0000,-0.0000,0.0000
188,2022-07-06T10:56:16.456184Z,46.510592007458,8.476205491265,-1.3945034899,-4.35,true,0.000,0.000,0.000,-0.000,-0.000,37,8,0,0.016,0.025,0.041,257,0,0,0,-0.0000,0.0000,-0.0000,0.0000
189,2022-07-06T10:56:36.733805Z,46.510563951334,8.476160280380,-1.3925785633,-4.40,true,0.000,0.000,0.000,-0.000,-0.000,45,14,0,0.015,0.025,0.038,550,0,0,0,-0.0000,0.0001,-0.0000,0.0000
190,2022-07-06T10:57:05.950675Z,46.510595243694,8.476192380997,-1.3924626772,-4.06,true,0.000,0.000,0.000,0.000,0.000,33,23,0,0.011,0.030,0.064,539,0,0,0,0.0000,0.0000,-0.0000,0.0000
191,2022-07-06T10:57:19.555835Z,46.510591684861,8.476217366840,-1.3957990414,-4.20,true,0.000,0.000,0.000,-0.000,0.000,39,20,0,0.010,0.027,0.066,578,0,0,0,0.0001,0.0000,-0.0000,0.0000
192,2022-07-06T10:57:56.927538Z,46.510574257963,8.476193734664,-1.3933595379,-4.36,true,0.000,0.000,0.000,0.000,-0.000,34,15,0,0.013,0.025,0.041,471,0,0,0,-0.0000,0.0000,0.0000,0.0000
193,2022-07-06T10:57:58.699714Z,46.510577321652,8.476189449289,-1.3916709268,-4.34,true,0.000,0.000,0.000,0.000,-0.000,46,16,0,0.009,0.023,0.041,615,0,0,0,-0.0000,0.0000,0.0000,0.0000
194,2022-07-06T10:58:07.681191Z,46.510605169747,8.476208416403,-1.3925202646,-4.58,true,0.000,0.000,0.000,-0.000,-0.000,36,7,0,0.013,0.017,0.039,239,0,0,0,-0.0001,0.0000,-0.0000,0.0000
195,2022-07-06T10:58:09.154439Z,46.510583554723,8.476204460148,-1.3960448447,-4.58,true,0.000,0.000,0.000,0.000,-0.000,31,11,0,0.010,0.022,0.036,303,0,0,0,0.0001,0.0000,0.0000,0.0000
196,2022-07-06T10:58:12.635569Z,46.510569684281,8.476181267015,-1.3933142533,-4.38,true,0.000,0.000,0.000,0.000,-0.000,39,16,0,0.013,0.025,0.040,528,0,0,0,-0.0000,0.0000,-0.0000,0.0000
197,2022-07-06T10:58:21.023499Z,46.510577751917,8.476189754095,-1.3916830022,-4.30,true,0.000,0.000,0.000,0.000,-0.000,46,18,0,0.009,0.025,0.041,654,0,0,0,0.0000,0.0000,0.0000,0.0000
198,2022-07-06T10:58:25.064987Z,46.510568168716,8.476174028182,-1.3924889076,-4.32,true,0.000,0.000,0.000,0.000,-0.000,57,15,0,0.014,0.024,0.039,738,0,0,0,-0.0000,0.0000,0.0000,0.0000
199,2022-07-06T10:58:26.607367Z,46.510585559574,8.476193194098,-1.3925834493,-4.56,true,0.001,0.001,0.006,0.002,-0.001,32,7,0,0.013,0.021,0.039,183,0,0,0,-0.0005,0.0002,0.0000,0.0000
200,2022-07-06T10:58:30.110934Z,46.510600590975,8.476217126230,-1.3940818165,-4.22,true,0.000,0.000,0.000,-0.000,-0.000,39,20,0,0.011,0.028,0.044,550,0,0,0,0.0000,0.0000,0.0000,0.0000
201,2022-07-06T10:58:30.305562Z,46.510610145988,8.476213641922,-1.3918835093,-4.51,true,0.000,0.000,0.000,-0.000,-0.000,36,15,0,0.013,0.026,0.045,426,0,0,0,-0.0001,0.0001,-0.0000,0.0000
202,2022-07-06T10:58:53.17231Z,46.510569666007,8.476182074874,-1.3933736594,-4.33,true,0.000,0.000,0.001,-0.000,-0.000,31,18,0,0.008,0.025,0.040,435,0,0,0,0.0000,0.0000,0.0000,0.0000
203,2022-07-06T10:58:57.297268Z,46.510607201690,8.476222078670,-1.3933796496,-4.31,true,0.000,0.000,0.000,0.000,-0.000,48,17,0,0.012,0.027,0.045,639,0,0,0,-0.0000,0.0000,-0.0000,0.0000
204,2022-07-06T10:58:57.850751Z,46.510607078943,8.476223446373,-1.3938446345,-4.31,true,0.000,0.000,0.000,0.000,-0.000,35,14,0,0.012,0.026,0.041,426,0,0,0,-0.0000,0.0000,0.0000,0.0000
205,2022-07-06T10:58:57.973782Z,46.510604189927,8.476224223049,-1.3938565763,-4.57,true,0.000,0.000,0.000,0.000,-0.000,45,9,0,0.012,0.018,0.030,394,0,0,0,0.0000,0.0000,0.0000,0.0000
206,2022-07-06T10:58:58.080076Z,46.510606597075,8.476227558347,-1.3939799982,-4.27,true,0.000,0.000,0.000,0.000,-0.000,42,9,0,0.014,0.027,0.036,329,0,0,0,-0.0000,0.0000,0.0000,0.0000
207,2022-07-06T10:58:58.451813Z,46.510606860585,8.476222596590,-1.3934477452,-4.51,true,0.000,0.000,0.000,-0.000,0.000,49,11,0,0.012,0.022,0.041,491,0,0,0,-0.0000,0.0000,0.0000,0.0000
208,2022-07-06T10:58:58.860888Z,46.510607196143,8.476224214259,-1.3939826227,-4.53,true,0.000,0.000,0.000,-0.000,-0.000,46,10,0,0.012,0.020,0.041,431,0,0,0,-0.0000,0.0000,0.0000,0.0000
209,2022-07-06T10:58:59.292608Z,46.510607258941,8.476222963784,-1.3934059563,-4.61,true,0.000,0.000,0.000,-0.000,-0.000,48,10,0,0.012,0.020,0.041,445,0,0,0,-0.0000,0.0000,0.0000,0.0000
210,2022-07-06T10:58:59.690068Z,46.510606653214,8.476218453248,-1.3936131213,-4.11,true,0.000,0.000,0.002,0.001,0.000,33,9,0,0.018,0.029,0.043,227,0,0,0,0.0000,0.0000,-0.0000,0.0000
211,2022-07-06T10:59:01.685304Z,46.510605622865,8.476225762331,-1.3939440572,-4.30,true,0.000,0.000,0.000,0.000,-0.000,42,19,0,0.011,0.027,0.045,643,0,0,0,-0.0000,0.0000,0.0000,0.0000
212,2022-07-06T10:59:03.24499Z,46.510602741124,8.476222617581,-1.3942968647,-4.26,true,0.000,0.000,0.000,0.000,-0.000,38,19,0,0.011,0.027,0.044,537,0,0,0,0.0000,0.0000,0.0000,0.0000
213,2022-07-06T10:59:07.985344Z,46.510609467672,8.476216215654,-1.3923631369,-4.68,true,0.000,0.000,0.000,0.000,-0.000,39,9,0,0.013,0.018,0.031,331,0,0,0,-0.0000,0.0000,0.0000,0.0000
214,2022-07-06T10:59:08.189101Z,46.510569627437,8.476178839247,-1.3933247745,-4.34,true,0.000,0.000,0.000,0.000,-0.000,40,14,0,0.013,0.024,0.040,498,0,0,0,0.0000,0.0000,0.0000,0.0000
215,2022-07-06T10:59:13.515874Z,46.510572043731,8.476192876640,-1.3936002906,-4.19,true,0.003,0.000,0.010,-0.006,0.001,31,16,0,0.012,0.025,0.041,409,0,0,0,0.0003,0.0005,-0.0000,0.0000
216,2022-07-06T10:59:15.760034Z,46.510574206301,8.476186350514,-1.3923728493,-4.05,true,0.000,0.000,0.000,-0.000,0.000,59,22,0,0.009,0.028,0.062,921,0,0,0,-0.0001,0.0000,-0.0000,0.0000
217,2022-07-06T10:59:20.455376Z,46.510586419433,8.476204795439,-1.3949423657,-4.37,true,0.000,0.000,0.001,0.000,-0.000,31,7,0,0.009,0.026,0.042,175,0,0,0,0.0001,0.0000,0.0000,0.0000
218,2022-07-06T10:59:21.45877Z,46.510603116102,8.476208074037,-1.3928726631,-4.52,true,0.000,0.000,0.000,-0.000,-0.000,38,11,0,0.013,0.021,0.040,383,0,0,0,-0.0000,0.0000,-0.0000,0.0000
219,2022-07-06T10:59:22.230928Z,46.510606868638,8.476222359299,-1.3933602798,-4.16,true,0.000,0.000,0.000,-0.000,0.000,47,23,0,0.011,0.029,0.066,677,0,0,0,-0.0000,0.0000,-0.0000,0.0000
220,2022-07-06T10:59:57.031238Z,46.510588347047,8.476215373574,-1.3959424327,-4.76,true,0.000,0.000,0.000,-0.000,-0.000,34,9,0,0.010,0.021,0.037,290,0,0,0,0.0000,0.0000,-0.0000,0.0000
221,2022-07-06T11:00:07.519526Z,46.510591897206,8.476185435789,-1.3923959335,-4.35,true,0.000,0.000,0.000,-0.000,-0.000,33,16,0,0.014,0.025,0.063,431,0,0,0,-0.0000,0.0000,0.0000,0.0000
222,2022-07-06T11:00:14.518625Z,46.510565231429,8.476173311524,-1.3926392573,-4.41,true,0.000,0.000,0.000,-0.000,-0.000,48,13,0,0.014,0.024,0.039,546,0,0,0,-0.0001,0.0001,-0.0000,0.0000
223,2022-07-06T11:01:10.192885Z,46.510756099773,8.476073994492,-1.3830041846,-4.68,true,0.000,0.000,0.003,-0.001,0.000,30,6,0,0.017,0.020,0.038,160,0,0,0,-0.0000,0.0000,0.0000,0.0000
224,2022-07-06T11:03:36.287925Z,46.510571790884,8.476190989498,-1.3936205979,-4.30,true,0.000,0.000,0.000,0.000,0.000,35,19,0,0.008,0.025,0.041,538,0,0,0,-0.0000,0.0000,0.0000,0.0000
225,2022-07-06T11:03:39.705397Z,46.510587073023,8.476185673337,-1.3935583251,-4.40,true,0.000,0.000,0.000,-0.000,-0.000,37,17,0,0.013,0.025,0.041,539,0,0,0,0.0001,0.0000,-0.0000,0.0000
226,2022-07-06T11:03:42.143753Z,46.510581729937,8.476195043746,-1.3913485060,-4.08,true,0.000,0.000,0.000,-0.000,0.000,42,23,0,0.009,0.029,0.062,665,0,0,0,0.0000,0.0001,0.0000,0.0000
227,2022-07-06T11:04:45.340713Z,46.510571280598,8.476182373198,-1.3920864918,-4.40,true,0.000,0.000,0.000,0.000,-0.000,54,17,0,0.008,0.023,0.040,732,0,0,0,0.0000,0.0000,0.0000,0.0000
228,2022-07-06T11:04:54.424349Z,46.510596683064,8.476219751554,-1.3951176968,-4.18,true,0.000,0.000,0.000,-0.000,-0.000,44,21,0,0.010,0.028,0.044,641,0,0,0,-0.0000,0.0000,0.0000,0.0000
229,2022-07-06T11:04:57.298128Z,46.510590162164,8.476216475366,-1.3957185323,-4.69,true,0.000,0.000,0.000,0.000,-0.000,33,7,0,0.010,0.020,0.026,227,0,0,0,0.0000,0.0000,-0.0000,0.0000
230,2022-07-06T11:05:05.20467Z,46.510565820649,8.476162380104,-1.3938526003,-4.66,true,0.000,0.000,0.000,-0.000,0.000,34,8,0,0.019,0.021,0.040,254,0,0,0,0.0001,0.0000,-0.0000,0.0000
231,2022-07-06T11:05:12.177352Z,46.510597658217,8.476224619408,-1.3959504520,-4.54,true,0.002,0.000,0.007,0.007,-0.000,32,9,0,0.010,0.020,0.027,245,0,0,0,-0.0005,0.0002,0.0000,0.0000
232,2022-07-06T11:07:04.895046Z,46.510603200767,8.476222650618,-1.3943451042,-4.50,true,0.000,0.000,0.000,0.000,-0.000,36,12,0,0.011,0.024,0.044,385,0,0,0,-0.0000,0.0000,0.0000,0.0000
233,2022-07-06T11:07:18.02838Z,46.510588034925,8.476213453867,-1.3961007170,-4.47,true,0.000,0.000,0.001,0.000,0.000,32,10,0,0.010,0.025,0.043,279,0,0,0,0.0000,0.0000,-0.0000,0.0000
234,2022-07-06T12:08:05.576767Z,46.510606614773,8.476225222099,-1.3939625002,-4.47,true,0.000,0.000,0.000,0.000,-0.000,44,13,0,0.012,0.025,0.041,505,0,0,0,-0.0000,0.0000,0.0000,0.0000
235,2022-07-06T12:09:52.799092Z,46.510580242447,8.476190615592,-1.3924000817,-4.42,true,0.000,0.000,0.000,-0.000,-0.000,53,13,0,0.013,0.023,0.039,611,0,0,0,-0.0000,0.0000,-0.0000,0.0000
236,2022-07-06T12:09:54.795109Z,46.510575511267,8.476183256216,-1.3916157242,-4.32,true,0.000,0.000,0.000,0.000,-0.000,47,19,0,0.009,0.026,0.041,652,0,0,0,-0.0000,0.0000,0.0000,0.0000
237,2022-07-06T12:13:13.298367Z,46.510582655206,8.476210670407,-1.3968441929,-4.19,true,0.000,0.000,0.000,0.000,0.000,31,21,0,0.009,0.027,0.047,452,0,0,0,0.0001,0.0000,0.0000,0.0000
238,2022-07-06T12:13:18.079298Z,46.510599483766,8.476199897523,-1.3925019443,-4.08,true,0.000,0.000,0.000,-0.000,0.000,35,23,0,0.011,0.030,0.064,516,0,0,0,0.0001,0.0000,0.0000,0.0000
239,2022-07-06T12:14:13.339901Z,46.510573920551,8.476183730056,-1.3919350784,-4.48,true,0.000,0.000,0.000,-0.000,-0.000,47,13,0,0.014,0.023,0.038,530,0,0,0,-0.0000,0.0000,0.0000,0.0000
240,2022-07-06T12:15:18.014548Z,46.510573973536,8.476162732878,-1.3905662563,-4.30,true,0.000,0.000,0.000,-0.000,-0.000,39,18,0,0.016,0.027,0.060,576,0,0,0,-0.0000,0.0001,0.0000,0.0000
241,2022-07-06T12:18:14.836407Z,46.510605662968,8.476224150279,-1.3940035509,-4.36,true,0.000,0.000,0.000,0.000,-0.000,39,17,0,0.012,0.027,0.045,571,0,0,0,-0.0001,0.0000,0.0000,0.0000
242,2022-07-06T12:20:26.906819Z,46.510609247126,8.476218145375,-1.3924566919,-4.68,true,0.000,0.000,0.000,0.000,-0.000,39,8,0,0.013,0.017,0.027,299,0,0,0,-0.0000,0.0000,0.0000,0.0000
243,2022-07-06T12:23:41.46288Z,46.510605786616,8.476224362704,-1.3937618233,-4.65,true,0.000,0.000,0.000,-0.000,-0.000,38,8,0,0.012,0.018,0.030,295,0,0,0,-0.0000,0.0000,0.0000,0.0000
244,2022-07-06T12:26:54.038191Z,46.510603296833,8.476225697153,-1.3945159558,-4.10,true,0.000,0.000,0.000,0.000,0.000,44,6,0,0.015,0.024,0.066,221,0,0,0,0.0000,0.0000,0.0000,0.0000
245,2022-07-06T12:27:55.718416Z,46.510565054582,8.476170975961,-1.3929706832,-4.38,true,0.000,0.000,0.001,-0.001,-0.000,40,12,0,0.014,0.023,0.039,443,0,0,0,-0.0001,0.0001,-0.0000,0.0000
246,2022-07-06T12:29:34.490838Z,46.510607880290,8.476225073377,-1.3939267795,-4.26,true,0.000,0.000,0.001,0.001,0.000,50,8,0,0.014,0.027,0.032,384,0,0,0,-0.0000,0.0000,-0.0000,0.0000
247,2022-07-06T12:29:35.12131Z,46.510607196798,8.476222353504,-1.3933911460,-4.14,true,0.000,0.000,0.000,-0.000,0.000,47,23,0,0.011,0.029,0.066,677,0,0,0,-0.0000,0.0000,-0.0000,0.0000
248,2022-07-06T12:34:03.870189Z,46.510752511398,8.476299330857,-1.3975883340,-4.29,true,0.001,0.000,0.017,0.000,0.003,30,4,0,0.022,0.024,0.029,115,0,0,0,-0.0001,0.0005,0.0000,0.0000
249,2022-07-06T12:35:09.707257Z,46.510605409842,8.476224874992,-1.3940548227,-4.23,true,0.000,0.000,0.000,0.000,-0.000,38,18,0,0.012,0.028,0.045,577,0,0,0,0.0000,0.0000,0.0000,0.0000
250,2022-07-06T12:38:52.253184Z,46.510610665791,8.476214585298,-1.3920504719,-4.13,true,0.001,0.000,0.002,-0.003,-0.000,31,21,0,0.013,0.030,0.065,465,0,0,0,-0.0002,0.0004,0.0000,0.0000
251,2022-07-06T12:38:57.730101Z,46.510574981426,8.476187193585,-1.3917641372,-4.55,true,0.000,0.000,0.000,0.000,-0.000,50,8,0,0.014,0.019,0.031,368,0,0,0,-0.0000,0.0000,-0.0000,0.0000
252,2022-07-06T12:39:21.75282Z,46.510601443073,8.476231049857,-1.3946143040,-4.29,true,0.000,0.000,0.000,0.000,-0.000,58,16,0,0.011,0.026,0.045,813,0,0,0,-0.0000,0.0000,0.0000,0.0000
253,2022-07-06T12:39:56.035521Z,46.510570546370,8.476182013123,-1.3934214818,-4.53,true,0.000,0.000,0.000,-0.000,-0.000,40,13,0,0.013,0.023,0.039,462,0,0,0,-0.0000,0.0000,0.0000,0.0000
254,2022-07-06T12:40:04.272901Z,46.510601734852,8.476232445943,-1.3946818145,-4.41,true,0.000,0.000,0.000,0.000,0.000,52,13,0,0.011,0.026,0.042,617,0,0,0,-0.0000,0.0000,-0.0000,0.0000
255,2022-07-06T12:40:13.02104Z,46.510574272522,8.476183817090,-1.3920064298,-4.39,true,0.000,0.000,0.000,0.000,-0.000,51,15,0,0.014,0.023,0.040,653,0,0,0,0.0000,0.0000,0.0000,0.0000
256,2022-07-06T12:41:42.028113Z,46.510603660220,8.476225896372,-1.3945268932,-4.11,true,0.000,0.000,0.000,-0.000,0.000,41,22,0,0.011,0.028,0.066,624,0,0,0,-0.0000,0.0000,0.0000,0.0000
257,2022-07-06T12:44:33.816512Z,46.510609353421,8.476218556984,-1.3924220342,-4.63,true,0.000,0.000,0.000,0.000,-0.000,37,9,0,0.013,0.018,0.041,290,0,0,0,-0.0000,0.0001,0.0000,0.0000
258,2022-07-06T12:46:08.205074Z,46.510596112477,8.476217499959,-1.3947760196,-4.54,true,0.001,0.000,0.002,-0.002,-0.000,33,10,0,0.011,0.021,0.029,308,0,0,0,-0.0001,0.0001,0.0000,0.0000
259,2022-07-06T12:48:51.913894Z,46.510610212176,8.476215507277,-1.3920939810,-4.57,true,0.000,0.000,0.000,0.000,-0.000,36,12,0,0.013,0.024,0.040,377,0,0,0,0.0000,0.0000,0.0000,0.0000
260,2022-07-06T12:49:19.215447Z,46.510579295614,8.476176487921,-1.3947247423,-4.52,true,0.000,0.000,0.000,-0.000,-0.000,32,13,0,0.013,0.023,0.041,365,0,0,0,0.0001,0.0000,-0.0000,0.0000
261,2022-07-06T12:50:07.691965Z,46.510606775444,8.476225501544,-1.3940949469,-4.46,true,0.000,0.000,0.000,-0.000,0.000,43,11,0,0.012,0.022,0.041,441,0,0,0,0.0000,0.0000,-0.0000,0.0000
262,2022-07-06T12:53:47.276316Z,46.510601612254,8.476220997280,-1.3944293464,-4.67,true,0.000,0.000,0.000,0.000,-0.000,38,7,0,0.011,0.018,0.027,261,0,0,0,-0.0000,0.0000,-0.0000,0.0000
263,2022-07-06T12:53:47.416451Z,46.510601748935,8.476224174362,-1.3946056097,-4.38,true,0.001,0.000,0.002,-0.003,-0.000,31,15,0,0.011,0.027,0.042,377,0,0,0,-0.0002,0.0002,0.0000,0.0000
264,2022-07-06T12:54:37.903055Z,46.510589293580,8.476212106937,-1.3954825839,-4.56,true,0.000,0.000,0.000,-0.000,-0.000,37,13,0,0.011,0.024,0.042,400,0,0,0,0.0000,0.0000,-0.0000,0.0000
265,2022-07-06T12:55:24.245926Z,46.510576793590,8.476184239967,-1.3915489810,-4.50,true,0.000,0.000,0.000,0.000,0.000,44,6,0,0.014,0.020,0.031,246,0,0,0,-0.0000,0.0000,0.0000,0.0000
266,2022-07-06T12:58:05.077855Z,46.510606920663,8.476225590605,-1.3939383773,-4.47,true,0.000,0.000,0.000,-0.000,0.000,42,11,0,0.012,0.022,0.041,422,0,0,0,-0.0000,0.0000,0.0000,0.0000
267,2022-07-06T12:58:05.361528Z,46.510563091374,8.476161300450,-1.3926082184,-4.27,true,0.000,0.000,0.000,-0.000,0.000,44,20,0,0.015,0.026,0.061,659,0,0,0,0.0000,0.0001,-0.0000,0.0000
268,2022-07-06T13:00:25.962426Z,46.510645098635,8.476262922093,-1.3962809976,-4.66,true,0.000,0.000,0.000,0.000,-0.000,35,8,0,0.012,0.017,0.027,253,0,0,0,-0.0000,0.0000,-0.0000,0.0000
269,2022-07-06T16:25:54.749384Z,46.510582284462,8.476199128310,-1.3917972181,-4.54,true,0.000,0.000,0.001,0.000,-0.000,42,8,0,0.014,0.019,0.027,322,0,0,0,-0.0000,0.0000,-0.0000,0.0000
270,2022-07-06T16:39:47.281232Z,46.510580324219,8.476195369884,-1.3918706189,-4.54,true,0.000,0.000,0.001,-0.000,-0.000,45,11,0,0.014,0.022,0.038,447,0,0,0,-0.0000,0.0000,0.0000,0.0000
271,2022-07-06T16:59:53.271994Z,46.510609004079,8.476218649149,-1.3925176763,-4.72,true,0.000,0.000,0.000,0.000,-0.000,39,8,0,0.013,0.017,0.027,299,0,0,0,-0.0000,0.0000,-0.0000,0.0000
272,2022-07-06T21:14:09.410415Z,46.510230054691,8.476099351063,-1.3876526497,-4.27,true,0.000,0.000,0.002,-0.001,-0.000,30,7,0,0.022,0.032,0.042,166,0,0,0,-0.0001,0.0001,-0.0000,0.0000
273,2022-07-06T21:59:59.765737Z,46.510578549847,8.476195980277,-1.3924192859,-4.47,true,0.000,0.000,0.000,-0.000,-0.000,49,15,0,0.009,0.023,0.039,615,0,0,0,-0.0001,0.0000,-0.0000,0.0000
274,2022-07-07T06:23:15.440305Z,46.510607090176,8.476222227858,-1.3933955148,-4.30,true,0.000,0.000,0.000,0.000,-0.000,50,18,0,0.012,0.028,0.045,686,0,0,0,-0.0000,0.0000,-0.0000,0.0000
275,2022-07-07T07:05:10.100807Z,46.510563878283,8.476170880941,-1.3936457051,-4.43,true,0.000,0.000,0.002,-0.000,-0.000,36,14,0,0.008,0.023,0.039,429,0,0,0,0.0000,0.0001,-0.0000,0.0000
276,2022-07-07T07:19:53.703566Z,46.510571773718,8.476190379900,-1.3936405504,-4.29,true,0.000,0.000,0.000,0.000,-0.000,35,18,0,0.008,0.025,0.040,525,0,0,0,-0.0000,0.0000,-0.0000,0.0000
277,2022-07-07T07:28:57.590485Z,46.510607734650,8.476241196306,-1.3949569591,-4.10,true,0.000,0.000,0.000,0.000,0.000,35,23,0,0.010,0.028,0.047,586,0,0,0,0.0001,0.0000,-0.0000,0.0000
278,2022-07-07T07:28:57.828279Z,46.510604006364,8.476234735624,-1.3949304777,-4.41,true,0.000,0.000,0.000,0.000,-0.000,47,17,0,0.010,0.027,0.045,698,0,0,0,0.0000,0.0000,0.0000,0.0000
279,2022-07-07T07:29:02.317003Z,46.510607873735,8.476239182851,-1.3947647486,-4.61,true,0.000,0.000,0.000,0.000,-0.000,35,12,0,0.011,0.025,0.042,383,0,0,0,-0.0000,0.0000,0.0000,0.0000
280,2022-07-07T07:29:16.540294Z,46.510600771070,8.476231338789,-1.3947397137,-4.41,true,0.000,0.000,0.000,0.000,0.000,46,14,0,0.011,0.026,0.042,581,0,0,0,-0.0000,0.0000,0.0000,0.0000
281,2022-07-07T07:29:36.218614Z,46.510625296314,8.476260852035,-1.3937956894,-4.62,true,0.000,0.000,0.000,0.000,-0.000,33,7,0,0.012,0.015,0.030,205,0,0,0,0.0000,0.0000,0.0000,0.0000
282,2022-07-07T07:29:42.678167Z,46.510601469100,8.476231184202,-1.3945914690,-4.14,true,0.000,0.000,0.000,0.000,0.000,46,20,0,0.011,0.028,0.047,730,0,0,0,-0.0001,0.0000,-0.0000,0.0000
283,2022-07-07T07:29:48.09818Z,46.510608348805,8.476239565646,-1.3946984659,-4.27,true,0.000,0.000,0.000,0.000,0.000,35,19,0,0.011,0.028,0.046,565,0,0,0,0.0001,0.0000,-0.0000,0.0000
284,2022-07-07T07:29:48.635215Z,46.510608601598,8.476240230784,-1.3946670196,-4.42,true,0.000,0.000,0.000,-0.000,-0.000,37,14,0,0.011,0.026,0.046,453,0,0,0,-0.0000,0.0000,0.0000,0.0000
285,2022-07-07T07:29:55.505091Z,46.510602300669,8.476232435275,-1.3946185858,-4.07,true,0.000,0.000,0.000,0.000,0.000,48,20,0,0.011,0.028,0.047,787,0,0,0,-0.0001,0.0000,0.0000,0.0000
286,2022-07-07T07:29:57.497895Z,46.510606209770,8.476240021084,-1.3947835110,-4.45,true,0.002,0.000,0.003,-0.003,-0.000,30,13,0,0.010,0.026,0.040,329,0,0,0,-0.0002,0.0003,0.0000,0.0000
287,2022-07-07T07:29:58.33661Z,46.510690995167,8.476254305087,-1.3912761177,-4.22,true,0.000,0.000,0.002,0.000,-0.000,32,9,0,0.007,0.032,0.053,193,0,0,0,-0.0001,0.0002,0.0000,0.0000
288,2022-07-07T07:29:58.3742Z,46.510608439601,8.476240453071,-1.3946870990,-4.48,true,0.001,0.000,0.001,0.002,-0.000,30,15,0,0.011,0.027,0.046,375,0,0,0,-0.0001,0.0003,-0.0000,0.0000
289,2022-07-07T07:29:59.025757Z,46.510634796993,8.476253453231,-1.3956427893,-4.43,true,0.000,0.000,0.000,0.000,0.000,45,10,0,0.011,0.021,0.044,374,0,0,0,0.0000,0.0000,-0.0000,0.0000
290,2022-07-07T07:30:01.539671Z,46.510633996544,8.476254510048,-1.3955831003,-4.48,true,0.000,0.000,0.000,0.000,-0.000,55,9,0,0.011,0.019,0.028,442,0,0,0,-0.0000,0.0000,-0.0000,0.0000
291,2022-07-07T07:30:01.689639Z,46.510599649551,8.476228600456,-1.3946269963,-4.34,true,0.000,0.000,0.000,0.000,-0.000,50,15,0,0.011,0.026,0.042,676,0,0,0,-0.0001,0.0000,-0.0000,0.0000
292,2022-07-07T07:30:02.033513Z,46.510602398609,8.476225164784,-1.3947137641,-4.45,true,0.000,0.000,0.000,0.000,0.000,48,16,0,0.011,0.026,0.043,645,0,0,0,-0.0000,0.0000,0.0000,0.0000
293,2022-07-07T07:30:02.076887Z,46.510635020846,8.476254044984,-1.3956364290,-4.46,true,0.000,0.000,0.000,0.000,-0.000,51,8,0,0.011,0.017,0.027,380,0,0,0,-0.0000,0.0000,0.0000,0.0000
294,2022-07-07T07:30:02.11273Z,46.510631149217,8.476257121109,-1.3955408376,-4.19,true,0.001,0.000,0.004,-0.000,0.001,30,11,0,0.014,0.027,0.048,215,0,0,0,0.0005,0.0002,0.0000,0.0000
295,2022-07-07T07:30:02.660175Z,46.510640960730,8.476259739694,-1.3956948741,-4.47,true,0.000,0.000,0.000,0.001,-0.000,40,9,0,0.012,0.019,0.028,323,0,0,0,-0.0000,0.0000,0.0000,0.0000
296,2022-07-07T07:30:03.257587Z,46.510633918165,8.476252527513,-1.3956282936,-4.56,true,0.000,0.000,0.000,0.000,-0.000,49,7,0,0.011,0.015,0.025,326,0,0,0,-0.0000,0.0000,-0.0000,0.0000
297,2022-07-07T07:30:03.692288Z,46.510635488982,8.476254171530,-1.3954088302,-4.35,true,0.000,0.000,0.000,0.000,0.000,53,12,0,0.012,0.025,0.044,471,0,0,0,-0.0000,0.0000,-0.0000,0.0000
298,2022-07-07T07:30:03.717483Z,46.510635254220,8.476253758671,-1.3956688298,-4.35,true,0.000,0.000,0.000,0.000,-0.000,47,12,0,0.012,0.024,0.033,415,0,0,0,0.0000,0.0000,0.0000,0.0000
299,2022-07-07T07:30:03.903259Z,46.510640983517,8.476260211118,-1.3959283977,-4.06,true,0.000,0.000,0.000,0.000,0.000,41,20,0,0.012,0.027,0.049,443,0,0,0,-0.0000,0.0000,-0.0000,0.0000
300,2022-07-07T07:30:04.188119Z,46.510638344295,8.476257364106,-1.3955877939,-4.35,true,0.000,0.000,0.000,0.000,0.000,62,12,0,0.012,0.024,0.033,544,0,0,0,-0.0000,0.0000,-0.0000,0.0000
301,2022-07-07T07:30:04.598661Z,46.510635916139,8.476254160296,-1.3953020381,-4.32,true,0.000,0.000,0.000,0.000,0.000,57,11,0,0.012,0.024,0.033,498,0,0,0,0.0000,0.0000,0.0000,0.0000
302,2022-07-07T07:30:05.031618Z,46.510597302875,8.476225493754,-1.3946653927,-4.38,true,0.000,0.000,0.001,-0.001,0.000,46,10,0,0.011,0.024,0.032,405,0,0,0,-0.0001,0.0000,0.0000,0.0000
303,2022-07-07T07:30:05.082447Z,46.510634895281,8.476253424123,-1.3956251779,-4.40,true,0.000,0.000,0.000,0.000,0.000,51,11,0,0.012,0.024,0.044,448,0,0,0,0.0000,0.0000,-0.0000,0.0000
304,2022-07-07T07:30:05.37319Z,46.510641617339,8.476261108456,-1.3959826690,-4.07,true,0.000,0.000,0.000,0.000,0.000,44,21,0,0.012,0.028,0.049,480,0,0,0,-0.0000,0.0000,0.0000,0.0000
305,2022-07-07T07:30:05.650997Z,46.510634643292,8.476253743822,-1.3956525042,-4.44,true,0.000,0.000,0.000,0.000,-0.000,50,7,0,0.011,0.015,0.025,334,0,0,0,-0.0000,0.0000,0.0000,0.0000
306,2022-07-07T07:30:05.71464Z,46.510640864612,8.476260264879,-1.3956754984,-4.37,true,0.000,0.000,0.000,0.001,0.000,38,11,0,0.012,0.024,0.032,335,0,0,0,-0.0000,0.0000,0.0000,0.0000
307,2022-07-07T07:30:05.809615Z,46.510601147147,8.476223713896,-1.3946609861,-4.11,true,0.001,0.000,0.004,0.003,0.000,31,16,0,0.011,0.028,0.047,369,0,0,0,0.0002,0.0002,0.0000,0.0000
308,2022-07-07T07:30:06.053706Z,46.510634285863,8.476253031764,-1.3957666821,-4.59,true,0.000,0.000,0.000,0.000,-0.000,39,7,0,0.011,0.015,0.025,256,0,0,0,0.0000,0.0000,-0.0000,0.0000
309,2022-07-07T07:30:06.430036Z,46.510601418713,8.476232939323,-1.3948168266,-4.21,true,0.000,0.000,0.000,-0.000,-0.000,47,18,0,0.010,0.027,0.043,711,0,0,0,-0.0000,0.0000,0.0000,0.0000
310,2022-07-07T07:30:07.698734Z,46.510635122108,8.476254046666,-1.3953638839,-4.45,true,0.000,0.000,0.000,0.001,-0.000,58,9,0,0.012,0.019,0.028,463,0,0,0,-0.0000,0.0000,0.0000,0.0000
311,2022-07-07T07:30:07.914807Z,46.510633328540,8.476253402574,-1.3955825612,-4.45,true,0.000,0.000,0.000,0.000,-0.000,52,7,0,0.011,0.015,0.025,349,0,0,0,-0.0000,0.0000,-0.0000,0.0000
312,2022-07-07T07:30:08.886346Z,46.510637478165,8.476251661744,-1.3965683303,-4.34,true,0.000,0.000,0.000,-0.000,-0.000,37,11,0,0.011,0.024,0.045,300,0,0,0,-0.0000,0.0000,-0.0000,0.0000
313,2022-07-07T07:30:08.947517Z,46.510602237019,8.476232020424,-1.3946851243,-4.20,true,0.000,0.000,0.000,0.000,-0.000,50,17,0,0.011,0.027,0.045,748,0,0,0,-0.0001,0.0000,0.0000,0.0000
314,2022-07-07T07:30:10.178828Z,46.510634765982,8.476254090713,-1.3955595531,-4.26,true,0.001,0.000,0.003,-0.000,0.001,33,8,0,0.014,0.026,0.044,209,0,0,0,0.0008,0.0001,0.0000,0.0000
315,2022-07-07T07:30:10.218021Z,46.510634495103,8.476253958597,-1.3956402008,-4.40,true,0.000,0.000,0.000,0.000,0.000,47,10,0,0.011,0.021,0.031,398,0,0,0,-0.0000,0.0000,0.0000,0.0000
316,2022-07-07T07:30:10.444969Z,46.510600685762,8.476231700741,-1.3946617745,-4.15,true,0.000,0.000,0.000,-0.000,-0.000,36,21,0,0.011,0.028,0.047,570,0,0,0,-0.0001,0.0000,-0.0000,0.0000
317,2022-07-07T07:30:11.01447Z,46.510607052387,8.476239776712,-1.3948391078,-4.46,true,0.000,0.000,0.000,0.000,-0.000,39,10,0,0.010,0.025,0.033,361,0,0,0,0.0000,0.0000,0.0000,0.0000
318,2022-07-07T07:30:11.595311Z,46.510635789057,8.476256755390,-1.3956331758,-4.27,true,0.000,0.000,0.001,0.000,0.000,33,10,0,0.014,0.030,0.049,212,0,0,0,0.0000,0.0000,0.0000,0.0000
319,2022-07-07T07:30:11.791905Z,46.510633498311,8.476252747491,-1.3954785653,-4.37,true,0.001,0.000,0.002,-0.001,-0.000,38,12,0,0.011,0.025,0.044,374,0,0,0,-0.0000,0.0001,-0.0000,0.0000
320,2022-07-07T07:30:12.013588Z,46.510634191889,8.476252969016,-1.3957774612,-4.58,true,0.000,0.000,0.000,0.000,-0.000,39,8,0,0.011,0.017,0.031,274,0,0,0,-0.0000,0.0000,-0.0000,0.0000
321,2022-07-07T07:30:12.41402Z,46.510634645729,8.476253664310,-1.3956032498,-4.41,true,0.000,0.000,0.000,0.000,0.000,48,12,0,0.011,0.025,0.044,434,0,0,0,-0.0000,0.0000,-0.0000,0.0000
322,2022-07-07T07:30:12.452201Z,46.510635019030,8.476254277560,-1.3956397806,-4.43,true,0.000,0.000,0.000,0.000,0.000,55,10,0,0.011,0.021,0.031,466,0,0,0,0.0000,0.0000,0.0000,0.0000
323,2022-07-07T07:30:12.514219Z,46.510632234404,8.476251210706,-1.3951298302,-4.25,true,0.000,0.000,0.000,0.000,0.000,47,15,0,0.012,0.026,0.043,458,0,0,0,-0.0000,0.0000,-0.0000,0.0000
324,2022-07-07T07:30:12.81507Z,46.510607632503,8.476239495387,-1.3947406347,-4.45,true,0.000,0.000,0.000,0.000,-0.000,35,15,0,0.011,0.027,0.046,478,0,0,0,-0.0001,0.0000,0.0000,0.0000
325,2022-07-07T07:30:15.869812Z,46.510633690712,8.476253174685,-1.3956581805,-4.22,true,0.000,0.000,0.001,-0.001,-0.000,33,5,0,0.011,0.015,0.031,143,0,0,0,-0.0000,0.0000,0.0000,0.0000
326,2022-07-07T07:30:18.100621Z,46.510641679417,8.476260615366,-1.3959846832,-4.07,true,0.000,0.000,0.000,0.000,0.000,46,12,0,0.012,0.026,0.049,340,0,0,0,-0.0001,0.0000,-0.0000,0.0000
327,2022-07-07T07:30:25.675191Z,46.510635121460,8.476253453385,-1.3953008352,-4.37,true,0.000,0.000,0.000,0.000,0.000,53,13,0,0.012,0.025,0.044,490,0,0,0,0.0000,0.0000,-0.0000,0.0000
328,2022-07-07T07:30:26.315477Z,46.510619811616,8.476247000181,-1.3940500161,-4.61,true,0.000,0.000,0.001,0.001,-0.000,39,7,0,0.012,0.016,0.027,250,0,0,0,-0.0000,0.0000,-0.0000,0.0000
329,2022-07-07T07:30:36.046916Z,46.510632131756,8.476251833059,-1.3955333806,-4.16,true,0.000,0.000,0.001,0.000,0.000,34,5,0,0.011,0.015,0.028,149,0,0,0,-0.0000,0.0000,-0.0000,0.0000
330,2022-07-07T07:30:38.512316Z,46.510638451188,8.476257342984,-1.3956841933,-4.32,true,0.000,0.000,0.000,0.000,0.000,56,12,0,0.012,0.024,0.044,504,0,0,0,-0.0000,0.0000,-0.0000,0.0000
331,2022-07-07T07:30:40.245434Z,46.510644883079,8.476265110273,-1.3964049185,-4.12,true,0.000,0.000,0.000,0.000,0.000,35,21,0,0.012,0.028,0.050,387,0,0,0,-0.0001,0.0000,-0.0000,0.0000
332,2022-07-07T07:30:41.259424Z,46.510638279203,8.476255524652,-1.3953642325,-4.27,true,0.000,0.000,0.000,0.000,0.000,64,15,0,0.012,0.025,0.044,643,0,0,0,-0.0000,0.0000,-0.0000,0.0000
333,2022-07-07T07:31:09.170395Z,46.510632523884,8.476250964541,-1.3951210460,-4.25,true,0.000,0.000,0.000,0.000,0.000,47,16,0,0.012,0.026,0.048,463,0,0,0,-0.0000,0.0000,-0.0000,0.0000
334,2022-07-07T07:31:11.953277Z,46.510599986179,8.476233269735,-1.3945914646,-4.04,true,0.000,0.000,0.000,0.000,0.000,32,12,0,0.015,0.027,0.047,305,0,0,0,-0.0000,0.0000,0.0000,0.0000
335,2022-07-07T07:31:21.761397Z,46.510645483960,8.476265420151,-1.3963248856,-4.41,true,0.000,0.000,0.000,0.000,0.000,33,10,0,0.012,0.022,0.033,275,0,0,0,-0.0000,0.0000,0.0000,0.0000
336,2022-07-07T07:31:22.132041Z,46.510622997210,8.476262733875,-1.3938440497,-4.49,true,0.000,0.000,0.000,-0.000,-0.000,32,11,0,0.011,0.025,0.042,257,0,0,0,0.0001,0.0000,-0.0000,0.0000
337,2022-07-07T07:31:51.107221Z,46.510599461341,8.476228061487,-1.3945971495,-4.28,true,0.000,0.000,0.000,0.000,-0.000,52,16,0,0.011,0.026,0.044,718,0,0,0,0.0000,0.0000,-0.0000,0.0000
338,2022-07-07T07:32:41.248942Z,46.510608403399,8.476240685236,-1.3946613467,-4.39,true,0.000,0.000,0.000,0.000,-0.000,37,16,0,0.011,0.027,0.046,511,0,0,0,-0.0000,0.0000,-0.0000,0.0000
339,2022-07-07T07:32:47.273331Z,46.510604407615,8.476229897323,-1.3938190442,-4.27,true,0.001,0.000,0.002,-0.001,0.000,34,17,0,0.011,0.028,0.045,389,0,0,0,0.0001,0.0001,0.0000,0.0000
340,2022-07-07T07:32:48.721565Z,46.510602651700,8.476225724114,-1.3945843845,-4.37,true,0.000,0.000,0.000,0.000,0.000,42,13,0,0.011,0.026,0.042,487,0,0,0,-0.0000,0.0000,0.0000,0.0000
341,2022-07-07T07:32:50.435864Z,46.510609574220,8.476237855659,-1.3947631361,-4.20,true,0.000,0.000,0.001,0.000,0.000,33,9,0,0.014,0.028,0.046,272,0,0,0,0.0002,0.0000,0.0000,0.0000
342,2022-07-07T07:32:51.254026Z,46.510601513605,8.476232574530,-1.3949730088,-4.37,true,0.000,0.000,0.001,-0.000,-0.000,39,15,0,0.010,0.026,0.045,532,0,0,0,0.0001,0.0000,0.0000,0.0000
343,2022-07-07T07:32:52.976328Z,46.510640897587,8.476259512610,-1.3956806770,-4.34,true,0.000,0.000,0.001,-0.000,-0.000,49,7,0,0.012,0.024,0.044,283,0,0,0,-0.0000,0.0000,-0.0000,0.0000
344,2022-07-07T07:32:53.218286Z,46.510634679473,8.476253891687,-1.3956584935,-4.48,true,0.000,0.000,0.000,0.000,0.000,47,10,0,0.011,0.021,0.031,399,0,0,0,-0.0000,0.0000,0.0000,0.0000
345,2022-07-07T07:32:56.007289Z,46.510637159135,8.476263367909,-1.3953958518,-4.38,true,0.000,0.000,0.000,0.000,0.000,47,11,0,0.012,0.024,0.032,404,0,0,0,-0.0000,0.0000,-0.0000,0.0000
346,2022-07-07T07:32:58.287693Z,46.510601273090,8.476232726533,-1.3948762597,-4.36,true,0.000,0.000,0.000,0.000,0.000,45,14,0,0.010,0.026,0.042,575,0,0,0,-0.0001,0.0000,-0.0000,0.0000
347,2022-07-07T07:32:59.578515Z,46.510631697619,8.476276010033,-1.3929015158,-4.59,true,0.000,0.000,0.001,-0.000,0.000,32,9,0,0.011,0.017,0.042,239,0,0,0,0.0001,0.0000,-0.0000,0.0000
348,2022-07-07T07:33:07.514276Z,46.510599252201,8.476226585715,-1.3943397504,-4.07,true,0.000,0.000,0.000,-0.000,-0.000,41,23,0,0.011,0.029,0.066,619,0,0,0,-0.0000,0.0000,-0.0000,0.0000
349,2022-07-07T07:33:08.225614Z,46.510605883385,8.476231663909,-1.3938129529,-4.24,true,0.000,0.000,0.000,0.000,-0.000,35,17,0,0.011,0.027,0.045,513,0,0,0,-0.0000,0.0000,0.0000,0.0000
350,2022-07-07T07:33:11.503782Z,46.510596742411,8.476226142671,-1.3952585922,-4.39,true,0.000,0.000,0.000,0.000,-0.000,39,16,0,0.010,0.027,0.044,536,0,0,0,0.0001,0.0000,-0.0000,0.0000
351,2022-07-07T07:33:17.109304Z,46.510600965180,8.476231656909,-1.3946944518,-4.08,true,0.000,0.000,0.000,-0.000,-0.000,34,22,0,0.011,0.028,0.045,525,0,0,0,-0.0000,0.0000,-0.0000,0.0000
352,2022-07-07T07:33:19.130681Z,46.510641043821,8.476256952108,-1.3952734352,-4.21,true,0.000,0.000,0.000,0.000,0.000,50,15,0,0.012,0.025,0.049,505,0,0,0,-0.0000,0.0000,-0.0000,0.0000
353,2022-07-07T07:33:25.039526Z,46.510630973557,8.476250745205,-1.3955784064,-4.41,true,0.000,0.000,0.000,0.000,0.000,45,10,0,0.011,0.021,0.044,353,0,0,0,-0.0000,0.0000,-0.0000,0.0000
354,2022-07-07T07:33:25.174699Z,46.510599142059,8.476225227609,-1.3942983548,-4.29,true,0.000,0.000,0.001,-0.000,-0.000,43,15,0,0.011,0.026,0.041,577,0,0,0,-0.0000,0.0000,-0.0000,0.0000
355,2022-07-07T07:33:25.706324Z,46.510623616464,8.476263016037,-1.3938907941,-4.41,true,0.000,0.000,0.000,0.001,-0.000,36,11,0,0.011,0.025,0.033,285,0,0,0,-0.0000,0.0000,-0.0000,0.0000
356,2022-07-07T07:33:28.941279Z,46.510598739733,8.476228593148,-1.3947475893,-4.29,true,0.000,0.000,0.001,-0.000,0.000,31,16,0,0.011,0.026,0.044,436,0,0,0,0.0001,0.0001,-0.0000,0.0000
357,2022-07-07T07:33:29.283244Z,46.510605538157,8.476231446579,-1.3938974445,-4.18,true,0.000,0.000,0.000,0.000,0.000,36,17,0,0.011,0.027,0.045,500,0,0,0,0.0000,0.0000,0.0000,0.0000
358,2022-07-07T07:33:35.487404Z,46.510625810502,8.476264097592,-1.3937847353,-4.74,true,0.000,0.000,0.000,0.000,-0.000,32,5,0,0.012,0.015,0.025,156,0,0,0,0.0000,0.0000,0.0000,0.0000
359,2022-07-07T07:33:36.176188Z,46.510607787950,8.476239693893,-1.3946562023,-4.33,true,0.000,0.000,0.001,0.000,-0.000,33,7,0,0.011,0.026,0.031,207,0,0,0,0.0001,0.0001,0.0000,0.0000
360,2022-07-07T07:33:36.510697Z,46.510635584150,8.476254681547,-1.3955783867,-4.16,true,0.000,0.000,0.000,-0.000,0.000,58,18,0,0.012,0.027,0.048,597,0,0,0,0.0000,0.0000,-0.0000,0.0000
361,2022-07-07T07:33:36.927532Z,46.510608043574,8.476239094803,-1.3947527141,-4.44,true,0.000,0.000,0.000,-0.000,-0.000,36,17,0,0.011,0.027,0.046,546,0,0,0,0.0001,0.0000,0.0000,0.0000
362,2022-07-07T07:33:41.491635Z,46.510640573735,8.476259011543,-1.3957377356,-4.52,true,0.000,0.000,0.000,0.000,-0.000,48,8,0,0.012,0.017,0.028,350,0,0,0,0.0000,0.0000,0.0000,0.0000
363,2022-07-07T07:33:41.634824Z,46.510624641587,8.476246577843,-1.3952473153,-4.60,true,0.000,0.000,0.000,0.000,0.000,40,8,0,0.011,0.017,0.028,275,0,0,0,-0.0000,0.0000,0.0000,0.0000
364,2022-07-07T07:33:42.577042Z,46.510643323244,8.476255719014,-1.3949998673,-4.52,true,0.000,0.000,0.000,0.000,-0.000,47,8,0,0.012,0.017,0.028,339,0,0,0,-0.0000,0.0000,-0.0000,0.0000
365,2022-07-07T07:33:43.554241Z,46.510609160182,8.476269104446,-1.3941552115,-4.89,true,0.000,0.000,0.002,0.000,-0.000,35,5,0,0.010,0.016,0.025,167,0,0,0,0.0000,0.0000,0.0000,0.0000
366,2022-07-07T07:33:49.985596Z,46.510645353969,8.476264641113,-1.3963724958,-4.43,true,0.000,0.000,0.000,0.000,0.000,33,7,0,0.012,0.015,0.025,218,0,0,0,-0.0001,0.0000,0.0000,0.0000
367,2022-07-07T07:33:51.555363Z,46.510638382909,8.476257656768,-1.3956728601,-4.38,true,0.000,0.000,0.000,0.000,0.000,56,10,0,0.012,0.022,0.044,465,0,0,0,-0.0000,0.0000,0.0000,0.0000
368,2022-07-07T07:33:54.441166Z,46.510598945809,8.476226446744,-1.3946164988,-4.25,true,0.000,0.000,0.000,-0.000,-0.000,45,18,0,0.011,0.027,0.044,668,0,0,0,-0.0001,0.0000,-0.0000,0.0000
369,2022-07-07T07:33:57.500682Z,46.510643629684,8.476264526870,-1.3960150607,-4.70,true,0.000,0.000,0.001,-0.001,-0.000,34,5,0,0.012,0.013,0.019,164,0,0,0,-0.0000,0.0000,0.0000,0.0000
370,2022-07-07T07:33:58.318503Z,46.510599682916,8.476231197143,-1.3950649661,-4.28,true,0.000,0.000,0.000,0.000,-0.000,41,17,0,0.010,0.027,0.045,601,0,0,0,-0.0000,0.0000,-0.0000,0.0000
371,2022-07-07T07:34:03.715088Z,46.510628566466,8.476268864004,-1.3923882774,-4.80,true,0.000,0.000,0.000,-0.001,-0.000,31,5,0,0.011,0.014,0.025,154,0,0,0,0.0001,0.0000,-0.0000,0.0000
372,2022-07-07T07:34:04.211428Z,46.510644950104,8.476264809414,-1.3961758517,-4.53,true,0.000,0.000,0.000,0.000,-0.000,36,8,0,0.012,0.017,0.027,260,0,0,0,-0.0000,0.0000,0.0000,0.0000
373,2022-07-07T07:34:04.546162Z,46.510635307468,8.476270263654,-1.3946027620,-4.68,true,0.000,0.000,0.000,0.000,-0.000,37,6,0,0.012,0.014,0.025,207,0,0,0,-0.0000,0.0000,-0.0000,0.0000
374,2022-07-07T07:34:05.691812Z,46.510599225354,8.476225689616,-1.3940376295,-4.21,true,0.003,0.000,0.010,-0.005,0.001,31,15,0,0.011,0.026,0.041,398,0,0,0,0.0000,0.0003,0.0000,0.0000
375,2022-07-07T07:34:08.667078Z,46.510605443581,8.476217579049,-1.3944128369,-4.36,true,0.000,0.000,0.001,0.001,-0.000,33,7,0,0.015,0.025,0.030,218,0,0,0,0.0001,0.0001,-0.0000,0.0000
376,2022-07-07T07:34:09.857258Z,46.510576270053,8.476216837029,-1.3896065541,-4.29,true,0.001,0.000,0.018,0.021,0.002,31,1,0,0.016,0.016,0.016,30,0,0,0,-0.0001,0.0002,-0.0000,0.0000
377,2022-07-07T07:34:11.792492Z,46.510640203402,8.476266070949,-1.3957069713,-4.31,true,0.000,0.000,0.000,0.000,0.000,43,14,0,0.012,0.025,0.044,408,0,0,0,-0.0000,0.0000,0.0000,0.0000
378,2022-07-07T07:34:17.242666Z,46.510647622314,8.476271168442,-1.3959693046,-4.72,true,0.000,0.000,0.001,0.000,-0.000,35,6,0,0.012,0.014,0.024,195,0,0,0,-0.0000,0.0000,-0.0000,0.0000
379,2022-07-07T07:34:19.122825Z,46.510606502607,8.476229996648,-1.3933868193,-4.51,true,0.000,0.000,0.000,0.000,-0.000,37,8,0,0.012,0.018,0.028,278,0,0,0,-0.0000,0.0000,-0.0000,0.0000
380,2022-07-07T07:34:21.549317Z,46.510598303585,8.476225940394,-1.3945428775,-4.33,true,0.000,0.000,0.001,0.000,0.000,42,11,0,0.015,0.027,0.042,432,0,0,0,0.0000,0.0000,-0.0000,0.0000
381,2022-07-07T07:34:22.96197Z,46.510620963002,8.476261215752,-1.3939855754,-4.27,true,0.001,0.002,0.003,-0.003,-0.000,31,19,0,0.011,0.028,0.048,398,0,0,0,-0.0002,0.0004,-0.0000,0.0000
382,2022-07-07T07:34:23.447743Z,46.510604984062,8.476229602736,-1.3936560978,-4.19,true,0.000,0.000,0.000,0.000,-0.000,43,17,0,0.012,0.027,0.045,601,0,0,0,-0.0000,0.0000,0.0000,0.0000
383,2022-07-07T07:34:26.565238Z,46.510600196836,8.476227798929,-1.3944104867,-4.16,true,0.000,0.000,0.000,0.000,-0.000,49,20,0,0.011,0.027,0.048,722,0,0,0,0.0000,0.0000,0.0000,0.0000
384,2022-07-07T07:34:39.527246Z,46.510624760952,8.476263651734,-1.3940951011,-4.69,true,0.000,0.000,0.000,0.000,-0.000,35,8,0,0.011,0.016,0.030,232,0,0,0,-0.0000,0.0000,-0.0000,0.0000
385,2022-07-07T07:34:41.287567Z,46.510628302990,8.476258788793,-1.3940511031,-4.82,true,0.000,0.000,0.000,-0.000,-0.000,34,6,0,0.012,0.014,0.024,190,0,0,0,0.0000,0.0000,-0.0000,0.0000
386,2022-07-07T07:34:43.212031Z,46.510605597103,8.476222278384,-1.3936197720,-4.33,true,0.000,0.000,0.000,-0.000,-0.000,50,12,0,0.012,0.027,0.041,507,0,0,0,-0.0000,0.0000,0.0000,0.0000
387,2022-07-07T07:34:49.046745Z,46.510642963203,8.476264056248,-1.3957397558,-4.31,true,0.000,0.000,0.001,0.000,0.000,32,9,0,0.013,0.028,0.037,199,0,0,0,-0.0000,0.0000,-0.0000,0.0000
388,2022-07-07T07:34:49.513825Z,46.510624430388,8.476263950342,-1.3934880530,-4.86,true,0.000,0.000,0.000,-0.001,-0.000,31,5,0,0.012,0.014,0.025,153,0,0,0,0.0000,0.0000,-0.0000,0.0000
389,2022-07-07T07:34:51.230669Z,46.510621759543,8.476261198709,-1.3936375302,-4.34,true,0.002,0.002,0.004,-0.004,-0.000,30,13,0,0.012,0.028,0.048,315,0,0,0,-0.0001,0.0004,0.0000,0.0000
390,2022-07-07T07:34:56.624681Z,46.510603024301,8.476228967718,-1.3939119138,-4.37,true,0.000,0.000,0.000,0.000,0.000,47,13,0,0.011,0.026,0.045,546,0,0,0,-0.0001,0.0000,0.0000,0.0000
391,2022-07-07T07:34:57.247669Z,46.510604926739,8.476232763608,-1.3942584894,-4.26,true,0.000,0.000,0.000,0.000,-0.000,49,16,0,0.011,0.027,0.045,719,0,0,0,0.0000,0.0000,0.0000,0.0000
392,2022-07-07T07:34:58.517402Z,46.510599633257,8.476229256934,-1.3940818018,-4.41,true,0.000,0.000,0.001,0.000,0.000,31,7,0,0.015,0.026,0.031,207,0,0,0,0.0001,0.0001,0.0000,0.0000
393,2022-07-07T07:35:01.594482Z,46.510634619894,8.476251349035,-1.3951783632,-4.53,true,0.000,0.000,0.000,-0.000,-0.000,49,6,0,0.012,0.015,0.024,282,0,0,0,-0.0000,0.0000,0.0000,0.0000
394,2022-07-07T07:35:02.397452Z,46.510609594582,8.476241190147,-1.3946218028,-4.53,true,0.000,0.000,0.000,-0.000,-0.000,38,9,0,0.011,0.023,0.042,317,0,0,0,-0.0000,0.0000,0.0000,0.0000
395,2022-07-07T07:35:02.54083Z,46.510601679790,8.476219619566,-1.3940912282,-4.12,true,0.000,0.000,0.000,-0.000,0.000,38,21,0,0.011,0.029,0.044,532,0,0,0,-0.0000,0.0000,0.0000,0.0000
396,2022-07-07T07:35:06.440255Z,46.510599262659,8.476231075895,-1.3950235629,-4.42,true,0.000,0.000,0.000,0.000,-0.000,48,13,0,0.010,0.025,0.042,562,0,0,0,-0.0001,0.0000,-0.0000,0.0000
397,2022-07-07T07:35:08.978949Z,46.510639280404,8.476256481293,-1.3954230029,-4.32,true,0.000,0.000,0.000,0.000,0.000,61,12,0,0.012,0.025,0.044,552,0,0,0,-0.0000,0.0000,-0.0000,0.0000
398,2022-07-07T07:35:55.880641Z,46.510608708414,8.476240250035,-1.3946852122,-4.38,true,0.000,0.000,0.000,0.000,-0.000,35,16,0,0.011,0.027,0.046,490,0,0,0,-0.0000,0.0000,0.0000,0.0000
399,2022-07-07T07:36:23.119273Z,46.510599252103,8.476226562517,-1.3945907595,-4.48,true,0.000,0.000,0.000,0.000,-0.000,46,11,0,0.011,0.023,0.032,447,0,0,0,-0.0000,0.0000,0.0000,0.0000
400,2022-07-07T07:38:03.437852Z,46.510600989183,8.476232730965,-1.3949445790,-4.26,true,0.000,0.000,0.000,0.000,-0.000,50,17,0,0.010,0.027,0.045,725,0,0,0,-0.0001,0.0000,0.0000,0.0000
401,2022-07-07T07:38:05.745174Z,46.510641421318,8.476259421738,-1.3957406041,-4.22,true,0.000,0.000,0.000,-0.000,0.000,44,19,0,0.012,0.027,0.049,470,0,0,0,-0.0000,0.0000,0.0000,0.0000
402,2022-07-07T07:38:11.043065Z,46.510616655042,8.476247028762,-1.3930759080,-4.72,true,0.000,0.000,0.000,-0.001,-0.000,34,8,0,0.012,0.016,0.041,252,0,0,0,0.0001,0.0001,-0.0000,0.0000
403,2022-07-07T07:38:17.211195Z,46.510600784666,8.476227043389,-1.3941421861,-4.26,true,0.000,0.000,0.000,0.000,-0.000,54,18,0,0.011,0.026,0.045,771,0,0,0,-0.0000,0.0000,-0.0000,0.0000
404,2022-07-07T07:38:24.39416Z,46.510605569467,8.476229237469,-1.3933786445,-4.29,true,0.001,0.000,0.003,0.000,-0.000,34,16,0,0.012,0.027,0.045,410,0,0,0,-0.0000,0.0001,0.0000,0.0000
405,2022-07-07T07:44:07.397607Z,46.510617508622,8.476245910875,-1.3929021360,-4.14,true,0.001,0.001,0.001,-0.002,-0.000,31,24,0,0.012,0.031,0.067,456,0,0,0,-0.0001,0.0003,-0.0000,0.0000
406,2022-07-07T11:58:16.288835Z,46.510579375247,8.476200385046,-1.3926015119,-4.31,true,0.000,0.000,0.000,-0.000,-0.000,44,17,0,0.013,0.026,0.042,629,0,0,0,-0.0001,0.0000,0.0000,0.0000
407,2022-07-07T14:23:36.504309Z,46.510594911200,8.476213400715,-1.3949098506,-4.45,true,0.001,0.000,0.005,0.002,-0.000,31,9,0,0.011,0.019,0.029,235,0,0,0,-0.0002,0.0003,0.0000,0.0000
408,2022-07-07T14:24:07.687716Z,46.510607226296,8.476222421168,-1.3933630088,-4.18,true,0.000,0.000,0.000,0.000,0.000,45,20,0,0.011,0.028,0.045,624,0,0,0,-0.0000,0.0000,-0.0000,0.0000
409,2022-07-07T14:49:18.519279Z,46.510641175010,8.476257117300,-1.3951788898,-4.37,true,0.000,0.000,0.001,0.000,-0.000,55,10,0,0.012,0.021,0.032,456,0,0,0,0.0000,0.0000,0.0000,0.0000
410,2022-07-07T16:53:47.028424Z,46.510608919514,8.476218612035,-1.3924980595,-4.59,true,0.000,0.000,0.000,-0.000,-0.000,37,14,0,0.013,0.025,0.041,424,0,0,0,-0.0001,0.0000,-0.0000,0.0000
411,2022-07-07T16:53:54.265857Z,46.510608079108,8.476239000704,-1.3946929525,-4.32,true,0.000,0.000,0.000,0.000,0.000,37,17,0,0.011,0.027,0.046,564,0,0,0,0.0000,0.0000,0.0000,0.0000
412,2022-07-07T16:58:15.29562Z,46.510628699777,8.476244642383,-1.3940162365,-4.29,true,0.000,0.000,0.000,0.000,0.000,38,15,0,0.012,0.027,0.047,359,0,0,0,0.0001,0.0000,0.0000,0.0000
413,2022-07-07T16:58:44.698841Z,46.510561250561,8.476187410523,-1.3975651323,-4.46,true,0.000,0.000,0.000,0.000,-0.000,30,12,0,0.008,0.023,0.039,305,0,0,0,0.0000,0.0000,0.0000,0.0000
414,2022-07-07T16:59:07.064193Z,46.510628465161,8.476243375977,-1.3940150402,-4.05,true,0.000,0.000,0.000,0.000,0.000,36,20,0,0.012,0.028,0.047,399,0,0,0,0.0001,0.0000,-0.0000,0.0000
415,2022-07-07T17:01:11.181282Z,46.510628579639,8.476249615027,-1.3942183112,-4.07,true,0.000,0.000,0.000,-0.000,0.000,35,11,0,0.012,0.027,0.045,268,0,0,0,0.0001,0.0000,0.0000,0.0000
416,2022-07-07T17:01:24.031227Z,46.510637522081,8.476253802193,-1.3950736218,-4.15,true,0.000,0.000,0.000,0.000,0.000,52,18,0,0.012,0.027,0.049,517,0,0,0,-0.0000,0.0000,-0.0000,0.0000
417,2022-07-07T17:03:02.968013Z,46.510629328454,8.476250254429,-1.3950631698,-4.49,true,0.000,0.000,0.000,0.000,0.000,44,11,0,0.011,0.024,0.043,360,0,0,0,0.0000,0.0000,0.0000,0.0000
418,2022-07-07T17:03:42.332607Z,46.510610566361,8.476214233249,-1.3919195799,-4.21,true,0.000,0.000,0.000,0.000,-0.000,36,19,0,0.012,0.028,0.045,506,0,0,0,-0.0000,0.0000,0.0000,0.0000
419,2022-07-07T17:03:44.155618Z,46.510610194219,8.476214319076,-1.3919771565,-4.18,true,0.000,0.000,0.000,-0.000,0.000,34,21,0,0.012,0.030,0.065,496,0,0,0,-0.0001,0.0000,-0.0000,0.0000
420,2022-07-07T17:04:44.619318Z,46.510635583167,8.476254336897,-1.3952008067,-4.53,true,0.000,0.000,0.000,0.001,0.000,42,6,0,0.013,0.021,0.027,212,0,0,0,0.0000,0.0000,0.0000,0.0000
