Time,Eastern Bedretto,Northern Bedretto,Depth,Latitude,Longitude,MwA
2023/02/28T15:07:53.032218,-90.4982299134,-43.8593215626,1392.4640973,46.510579031193,8.476189622461,-4.64
2023/02/28T15:18:19.863861,-90.9286358855,-44.2378304864,1392.0679135,46.510575677841,8.476183949959,-3.86
2023/02/28T15:18:52.514531,-89.4156248341,-43.532756038,1396.4349293,46.510581839046,8.476203782308,-4.68
2023/02/28T15:18:52.720024,-90.4188437941,-43.7620481914,1392.3777054,46.510579896725,8.476190673482,-4.05
2023/02/28T15:22:37.268070,-89.0467266659,-43.7739476224,1393.6821625,46.510579626241,8.476208547272,-4.33
2023/02/28T15:24:14.005705,-91.1476153987,-44.7149371209,1393.4261972,46.510571412127,8.476181014653,-4.47
2023/02/28T15:24:52.262543,-91.3909038045,-43.5495137402,1394.4396729,46.510581923636,8.476178045653,-3.91
2023/02/28T15:38:17.423174,-91.4838925884,-44.8940814526,1392.7344867,46.510569840887,8.476176602864,-4.33
2023/02/28T16:03:57.222609,-88.7445542822,-42.727716587,1396.1298697,46.510589000478,8.47621266381,-4.46
2023/02/28T16:04:18.106315,-93.8022858184,-43.5143560767,1391.858018,46.510582527171,8.476146636452,-4.39
2023/02/28T16:05:03.862423,-88.1376527469,-40.8293164074,1393.4997604999999,46.510606004586,8.476220898067,-4.74
2023/02/28T16:05:35.688012,-89.9029496545,-43.8609163547,1393.024768,46.510578945938,8.476197377454,-4.17
2023/02/28T16:06:29.774090,-88.403525094,-42.8096513585,1397.5263628,46.510588222652,8.476217092414,-4.2
2023/02/28T16:06:32.236571,-88.3711834564,-42.1463824329,1395.6869657,46.510594185155,8.476217628341,-4.79
2023/02/28T16:08:31.022469,-89.1235166895,-44.0743765177,1394.2268901999998,46.510576932962,8.476207494997,-3.78
2023/02/28T16:12:49.798735,-89.2168214843,-43.8985144116,1394.0524435999998,46.510578525942,8.476206309739,-4.86
2023/02/28T16:12:55.578372,-90.6521857432,-44.1966910411,1392.5013291,46.510576014918,8.476187558588,-4.49
2023/02/28T16:16:18.079668,-87.4978859629,-40.8838322817,1393.7171797,46.51060543809,8.476229223581,-3.97
2023/02/28T16:20:47.621695,-91.1084626722,-44.770818586,1393.4952052,46.510570904813,8.4761815151,-4.39
2023/02/28T16:22:44.826831,-92.0045851138,-42.4909299389,1391.7798512,46.510591518921,8.476170233368,-4.31
2023/02/28T16:27:00.711415,-88.4866509363,-41.8611789963,1394.8245991,46.510596764413,8.4762161733,-4.38
2023/02/28T16:32:31.401700,-89.9052237989,-43.7631744598,1392.6983031,46.510579825444,8.47619736472,-4.31
2023/02/28T16:33:52.873799,-87.3430698183,-40.843877225,1393.9294524000002,46.510605779023,8.476231247387,-4.77
2023/02/28T16:39:13.140459,-89.9492302379,-43.1964872517,1391.0064837,46.510584928263,8.476196889312,-4.16
2023/02/28T16:49:26.800219,-90.0828975756,-44.2130198104,1393.4862789,46.510575800141,8.476194972342,-4.44
2023/02/28T16:51:05.839896,-88.0687591257,-40.740807459,1393.4651002,46.510606792521,8.476221810873,-4.12
2023/02/28T16:51:21.728735,-90.4800166255,-43.7906920053,1392.3753764,46.510579646355,8.476189871583,-4.58
2023/02/28T16:51:30.024850,-88.3337294543,-40.635172928,1394.0078254,46.510607774092,8.476218376918,-4.51
2023/02/28T16:51:45.337903,-93.5227041938,-43.3826363166,1391.9408051999999,46.5105836787,8.476150301542,-3.59
2023/02/28T16:52:25.980250,-100.247381279,-44.7576668952,1387.3085992000001,46.510572111189,8.476062455799,-3.94
2023/02/28T16:57:03.061644,-84.7753310758,-38.2346566515,1392.1540949999999,46.510628943439,8.476265149945,-4.3
2023/02/28T17:01:54.070610,-92.2129424447,-47.5336122054,1398.2075108000001,46.510546184403,8.476166649111,-4.27
2023/02/28T17:05:55.472051,-88.3992298469,-42.2135351729,1395.6913139,46.510593584463,8.476217251381,-4.63
2023/02/28T17:06:06.570753,-88.0253086006,-40.811501916,1393.6979834,46.510606151423,8.476222364732,-3.93
2023/02/28T17:06:07.173085,-86.7948931558,-40.7507478143,1394.6054491,46.510606551372,8.476238405012,-4.66
2023/02/28T17:17:56.733113,-86.6898722826,-40.5998157817,1394.7697525,46.510607896455,8.476239799207,-4.32
2023/02/28T17:17:59.134296,-86.8058195021,-40.707746784,1394.7931632,46.510606939421,8.476238270038,-4.66
2023/02/28T17:18:13.146145,-87.3956193365,-41.3467977669,1394.7972267,46.510601261421,8.476230475979,-4.1
2023/02/28T17:18:28.120670,-85.2331088185,-40.5914232789,1389.2913892000001,46.510607799761,8.476258780452,-4.59
2023/02/28T17:18:32.871335,-88.1063916162,-41.4596853114,1394.9508006,46.510600330525,8.476221196497,-4.69
2023/02/28T17:19:08.451325,-87.9032775927,-41.3321454013,1394.7528124,46.510601453605,8.476223864691,-4.37
2023/02/28T17:19:17.639056,-86.9300540173,-39.5938822769,1392.5930956999998,46.510616973645,8.476236843765,-4.34
2023/02/28T17:19:23.714874,-88.362165519,-40.5375034497,1392.6424028,46.510608656264,8.476218023511,-4.62
2023/02/28T17:19:57.550891,-91.0608019852,-44.5555978611,1393.477578,46.51057283502,8.476182173105,-4.85
2023/02/28T17:20:12.046618,-86.7148065795,-40.6973063832,1394.5534783,46.510607022553,8.476239457603,-4.65
2023/02/28T17:21:59.576105,-87.3569266032,-41.3283181419,1394.7107122,46.510601423057,8.47623098327,-4.05
2023/02/28T17:22:20.704836,-87.8329141201,-40.6825609191,1394.0476599,46.510607288272,8.476224893418,-4.17
2023/02/28T17:22:38.372358,-91.3178055487,-44.1493776231,1395.4440780999998,46.510576519075,8.476178894477,-4.35
2023/02/28T17:23:33.326761,-87.9325487786,-40.7709206787,1394.032817,46.510606505345,8.476223580149,-4.58
2023/02/28T17:24:22.303021,-88.6384940012,-40.5721685402,1392.8408350000002,46.510608377284,8.476214417471,-4.57
2023/02/28T17:27:47.691316,-86.7340930616,-40.7241491175,1394.5802815,46.510606783396,8.476239201708,-4.78
2023/02/28T17:27:57.896477,-86.3232499771,-39.5655334091,1393.0829657,46.510617156368,8.476244754067,-4.28
2023/02/28T17:27:58.197644,-53.1515141414,-26.2269793344,1402.8198589,46.510733186071,8.476679215826,-3.99
2023/02/28T17:28:08.400239,-87.7622064496,-40.710322154,1394.3951234,46.510607030086,8.476225809762,-2.93
2023/02/28T17:28:17.607791,-87.8477132269,-40.7298438388,1394.0617132999998,46.510606864728,8.476224692466,-4.36
2023/02/28T17:28:20.527368,-84.0498447143,-37.9873241021,1392.8186671,46.510631081728,8.47627464415,-4.69
2023/02/28T17:28:20.854465,-87.9809167287,-40.8802957139,1394.1533909,46.510605527265,8.476222931144,-4.68
2023/02/28T17:28:24.829175,-86.7105806824,-40.681628963,1394.7400373,46.510607163029,8.476239515327,-4.78
2023/02/28T17:28:36.450041,-88.4723878033,-40.836359309,1394.3716835999999,46.510605980876,8.476216535743,-4.73
2023/02/28T17:28:54.173926,-89.1820473894,-39.0750571473,1393.7456609,46.510621908002,8.476207593751,-4.11
2023/02/28T17:28:56.167793,-34.6229786612,-15.9125657915,1396.7762853000002,46.510823758598,8.476922386998,-4.48
2023/02/28T17:28:58.169305,-87.2827257137,-41.1132249557,1394.4752955,46.510603349003,8.476231987061,-3.82
2023/02/28T17:29:00.785646,-87.5597290243,-40.8526291652,1393.5202199,46.510605726151,8.476228423293,-4.46
2023/02/28T17:29:01.213938,-86.5389006273,-40.5635609326,1394.786836,46.510608204601,8.476241772323,-3.85
2023/02/28T17:29:03.877962,-86.7332583535,-40.5907114851,1394.7436727,46.510607983512,8.476239235542,-4.29
2023/02/28T17:29:08.682361,-87.1769416104,-41.0823013582,1394.2351454,46.510603614621,8.476233370595,-4.49
2023/02/28T17:29:08.966868,-87.52667293,-41.055014767,1393.8740157,46.510603901727,8.476228819025,-4.28
2023/02/28T17:29:09.562130,-86.6945647937,-40.7928816967,1395.0058677999998,46.510606160373,8.476239704772,-4.73
2023/02/28T17:29:09.645630,-87.3551374446,-40.7936237047,1393.9178763,46.510606232482,8.476231098828,-4.15
2023/02/28T17:29:10.123423,-87.3440069058,-40.7883873738,1393.8876635,46.510606278264,8.476231244745,-4.45
2023/02/28T17:29:10.507448,-87.2934223283,-40.7190777655,1393.8628309,46.51060689568,8.47623191571,-4.27
2023/02/28T17:29:11.696123,-91.0880542728,-45.2254504317,1397.0074517,46.510566812358,8.476181702061,-4.1
2023/02/28T17:29:12.437135,-86.5071420535,-40.1662450724,1394.689483,46.510611774628,8.47624225454,-4.52
2023/02/28T17:29:13.111250,-87.8607429359,-41.659913582,1394.6263091,46.510598500355,8.476224362394,-4.34
2023/02/28T17:29:14.222245,-86.8360642316,-40.6069660212,1394.8244775,46.510607849517,8.476237893363,-4.32
2023/02/28T17:29:14.606353,-86.6993345898,-40.588915224,1394.7697759999999,46.510607995629,8.476239677809,-4.31
2023/02/28T17:29:15.213148,-86.6319694389,-40.5527242296,1394.9168582,46.510608313119,8.476240561658,-4.62
2023/02/28T17:29:15.577223,-87.5827793521,-41.5788629714,1394.8250128,46.510599196291,8.476227997658,-3.94
2023/02/28T17:29:15.993251,-87.6158564673,-41.4713476752,1394.673391,46.510600167336,8.476227585274,-4.08
2023/02/28T17:29:18.169931,-88.0288426266,-40.7400737801,1393.4788389999999,46.51060679437,8.476222331033,-4.63
2023/02/28T17:29:19.633109,-87.7786782379,-41.472947706,1394.6616029000002,46.510600172312,8.476225463743,-4.74
2023/02/28T17:29:20.513876,-88.8661544877,-42.7362991159,1395.6014581,46.510588937847,8.476211078204,-4.41
2023/02/28T17:29:21.133735,-87.4741987893,-40.9823050711,1393.9018835999998,46.510604549491,8.476229515184,-4.31
2023/02/28T17:29:21.655008,-87.7553680968,-41.6219197761,1394.623292,46.51059882957,8.476225741773,-4.58
2023/02/28T17:29:22.129114,-87.775548683,-41.6378702528,1394.4646618000002,46.51059868853,8.476225476138,-4.3
2023/02/28T17:29:24.637371,-87.7757834699,-41.5420970232,1394.4644369999999,46.510599550021,8.476225489578,-4.24
2023/02/28T17:29:26.370408,-87.4371234602,-40.9238661996,1393.8740171,46.510605070734,8.476230008277,-4.2
2023/02/28T17:29:27.973834,-87.5046568625,-40.8525391272,1393.4326910999998,46.510605720428,8.476229140809,-4.55
2023/02/28T17:29:28.110516,-87.9233219959,-41.7346399908,1394.6731725,46.510597835638,8.476223534227,-4.48
2023/02/28T17:29:28.876970,-87.5067827413,-41.2891601473,1394.1643829000002,46.510601793208,8.47622903777,-4.44
2023/02/28T17:29:29.517851,-87.9216375854,-41.720136252,1394.2046326,46.510597965989,8.476223558751,-4.27
2023/02/28T17:29:29.805101,-87.7462709942,-41.5675529991,1394.6560047,46.510599317501,8.476225869651,-4.64
2023/02/28T17:29:31.025217,-87.5803883811,-41.281337165,1394.1029732000002,46.510601872341,8.476228080187,-4.11
2023/02/28T17:29:32.051511,-87.4802059946,-40.8806001239,1393.5902837,46.510605465085,8.476229454496,-3.32
2023/02/28T17:29:32.187968,-87.3242467334,-40.6445399681,1393.9807958,46.510607569777,8.476231526947,-4.48
2023/02/28T17:29:32.720327,-87.933933795,-41.7993717878,1394.7903492,46.510597254626,8.476223384804,-4.51
2023/02/28T17:29:33.538427,-87.254164631,-41.3605987444,1394.7380099,46.510601120471,8.476232316497,-4.1
2023/02/28T17:29:33.874186,-88.0823470308,-41.1752530457,1394.4282939999998,46.510602886186,8.476221558841,-3.95
2023/02/28T17:29:35.130051,-87.4091674183,-40.8357320819,1393.9428435,46.510605860146,8.476230387662,-4.31
2023/02/28T17:29:36.158030,-87.5318439608,-40.9976600639,1393.4263919,46.510604418326,8.476228761614,-4.53
2023/02/28T17:29:37.340443,-87.6374247298,-40.9875815241,1393.3213964,46.510604521559,8.476227387852,-4.49
2023/02/28T17:29:37.964633,-87.6737588625,-41.5896521294,1394.7712299,46.510599110076,8.476226810519,-3.78
2023/02/28T17:29:38.891445,-85.2573304274,-36.4530681015,1395.9459403,46.510645025088,8.476259176678,-4.52
2023/02/28T17:29:39.682475,-87.4318382991,-40.9247104286,1394.0140700999998,46.510605062484,8.476230076963,-4.11
2023/02/28T17:29:40.071834,-87.6725537558,-41.4959161719,1394.6036238,46.510599953104,8.476226842396,-3.5
2023/02/28T17:29:40.331899,-87.6495955796,-40.8115913316,1393.4418603000001,46.510606105983,8.476227259586,-4.58
2023/02/28T17:29:42.126886,-87.8288098848,-41.4886894161,1394.3621252,46.51060003674,8.476224807963,-3.3
2023/02/28T17:29:44.164212,-85.4160850858,-36.9642270647,1395.5276026000001,46.51064044627,8.476257020418,-4.32
2023/02/28T17:29:45.661715,-88.1038065297,-41.9777306719,1394.5378768,46.510595670574,8.476221141004,-4.6
2023/02/28T17:29:45.863925,-85.2557891826,-37.4999127411,1395.2923265,46.510635608854,8.476259016525,-4.47
2023/02/28T17:29:47.406177,-88.4943638504,-40.6090129307,1392.6285414,46.510608028775,8.476216288902,-4.67
2023/02/28T17:29:47.778990,-85.2103819996,-36.6371002328,1395.5915413,46.510643364238,8.476259756684,-4.31
2023/02/28T17:29:50.797761,-85.0360226142,-36.215782745,1396.0498359,46.510647133084,8.47626210076,-4.44
2023/02/28T17:29:52.093085,-87.1595780416,-41.1297320453,1394.1151879,46.510603185949,8.476233588659,-4.48
2023/02/28T17:29:53.072149,-86.2520455034,-39.818841734,1394.3748641,46.51061486918,8.476245637865,-4.66
2023/02/28T17:29:53.307374,-86.6993395151,-40.6475925995,1394.7198121,46.510607467847,8.476239667645,-4.64
2023/02/28T17:29:53.776260,-87.8855052744,-41.5024569663,1394.0164754,46.510599919715,8.476224067018,-4.31
2023/02/28T17:29:53.844733,-86.2182329334,-39.4903840993,1393.0166445,46.510617819845,8.476246135197,-4.1
2023/02/28T17:29:54.718805,-85.1455896008,-36.9505782819,1395.7053827000002,46.51064053683,8.476260546782,-4.47
2023/02/28T17:29:55.085514,-85.3252028842,-36.8671528867,1395.6042602,46.51064130861,8.476258221151,-4.5
2023/02/28T17:29:57.923543,-85.2646128209,-36.7828663804,1395.5759242000001,46.510642059551,8.47625902505,-4.34
2023/02/28T17:29:58.497760,-85.298230974,-36.6792992945,1395.6467346999998,46.510642995103,8.476258604899,-4.31
2023/02/28T17:29:59.490506,-85.3153124764,-36.9368256719,1395.8385027,46.510640680693,8.476258337961,-4.3
2023/02/28T17:30:00.150885,-84.6841643145,-35.8701456368,1395.8130798,46.510650200224,8.476266744393,-4.42
2023/02/28T17:30:00.483612,-87.7978459969,-40.8292086718,1395.3291035,46.510605964777,8.476225324805,-4.66
2023/02/28T17:30:01.984089,-88.0921343626,-42.1781012348,1395.1556280999998,46.510593866766,8.476221258446,-4.63
2023/02/28T17:30:02.086110,-85.1197632025,-36.050278354,1395.8358929,46.510648631769,8.476261038328,-4.58
2023/02/28T17:30:05.630480,-90.531553423,-44.6202670156,1394.0903434,46.510572190266,8.476189056956,-4.68
2023/02/28T17:30:10.017779,-87.7291591242,-41.3063977894,1394.0709322,46.510601664626,8.476226137676,-4.49
2023/02/28T17:30:40.195984,-85.2749781674,-36.8751065608,1395.7876504,46.510641231058,8.476258874082,-4.5
2023/02/28T17:30:40.645345,-87.5175596545,-40.9062337109,1393.4803929,46.51060523898,8.476228963452,-4.41
2023/02/28T17:30:54.332116,-87.7228455818,-40.9221384479,1392.6476976,46.510605120501,8.476226286371,-4.28
2023/02/28T17:30:54.729591,-85.4882666417,-36.6863764138,1395.0391749,46.510642954169,8.47625612798,-4.32
2023/02/28T17:31:08.865059,-84.7029015799,-37.2168279372,1395.6537128999998,46.510638089318,8.476266268308,-4.51
2023/02/28T17:31:09.272076,-87.5405899822,-38.8395016957,1394.1965002000002,46.510623831462,8.476229019323,-4.47
2023/02/28T17:31:22.990985,-86.26808667,-38.2866506064,1394.5712833999999,46.510628652834,8.4762456928,-4.76
2023/02/28T17:31:51.000186,-85.1106642364,-37.363370131,1395.0699181999998,46.510636819813,8.476260930789,-4.52
2023/02/28T17:32:58.543118,-86.2512045498,-38.2750167451,1393.922735,46.510628755599,8.476245914858,-4.47
2023/02/28T17:33:06.799069,-88.330367791,-42.0926420079,1395.5306131,46.510594663717,8.476218169376,-4.43
2023/02/28T17:33:08.729702,-85.6451627654,-37.4174008351,1395.3247305,46.51063639734,8.476253957935,-4.21
2023/02/28T17:33:15.451408,-85.2865669518,-36.8290449248,1395.6390453000001,46.510641646782,8.476258731063,-4.5
2023/02/28T17:33:17.855254,-88.5464959997,-40.6280459049,1392.7710471999999,46.510607863749,8.476215606416,-4.61
2023/02/28T17:33:20.296422,-86.5202140408,-38.5369890616,1394.1290130999998,46.51062643116,8.476242365009,-4.68
2023/02/28T17:33:21.882210,-85.9657307598,-38.17275963,1395.0339572999999,46.510629641209,8.476249651464,-4.3
2023/02/28T17:33:32.262451,-86.7607809193,-38.4198455724,1392.8647448,46.510627513708,8.476239251278,-4.55
2023/02/28T17:33:34.921383,-84.6279232744,-38.2740570058,1392.4209247,46.510628571454,8.476267063555,-3.84
2023/02/28T17:33:43.008355,-85.8342242003,-37.6947048546,1394.9416334,46.510633925603,8.476251447117,-4.48
2023/02/28T17:33:44.806848,-85.8233196861,-37.5715504277,1394.9265842,46.510635032061,8.476251610401,-4.53
2023/02/28T17:33:57.500492,-86.4343589847,-38.2573806674,1394.0021542000002,46.510628936001,8.476243531728,-4.4
2023/02/28T17:34:00.606393,-87.4373441213,-40.8836832158,1393.8539363,46.510605432203,8.476230012328,-3.76
2023/02/28T17:34:23.532788,-84.5790013275,-36.4580947624,1395.3359642,46.510644899313,8.47626801326,-4.44
2023/02/28T17:34:25.194139,-85.197089945,-37.6807202774,1395.0085377999999,46.510633975597,8.476259750165,-4.23
2023/02/28T17:34:30.829918,-86.3998122611,-38.4736526981,1394.248556,46.510626986515,8.476243944506,-4.39
2023/02/28T17:34:35.850415,-85.3189762793,-36.2033056952,1395.2916109,46.510647279118,8.47625841669,-4.17
2023/02/28T17:34:36.471756,-86.4025485287,-38.244958726,1393.9951895,46.510629043952,8.476243948299,-4.15
2023/02/28T17:34:39.273258,-87.7798851868,-40.959114765,1392.6517074,46.510604794689,8.476225536883,-4.57
2023/02/28T17:34:48.587001,-84.793186754,-37.1223966079,1395.5358044999998,46.510638949473,8.476265108352,-4.39
2023/02/28T17:35:00.279934,-87.5591316652,-41.2315518488,1394.1320856,46.510602317617,8.476228365693,-4.24
2023/02/28T17:35:00.825263,-84.5721483426,-38.2119905392,1392.2529769,46.51062912313,8.476267800918,-4.59
2023/02/28T17:35:31.295239,-88.7252861718,-40.4011249887,1392.0779558000002,46.510609926264,8.476213316331,-3.94
2023/02/28T17:35:33.086471,-84.9499008572,-38.7783777309,1393.5826315,46.510624073246,8.476262781716,-4.44
2023/02/28T17:35:34.300258,-87.0014393385,-39.6098251189,1392.7468958,46.510616838702,8.476235910977,-4.3
2023/02/28T17:35:34.962347,-86.1964642312,-39.3712463561,1392.9180557,46.510618888898,8.476246439343,-4.71
2023/02/28T17:35:37.953370,-88.7982760807,-40.4448452087,1392.1060675,46.510609541684,8.476212357875,-4.62
2023/02/28T17:35:40.557370,-86.904194077,-39.5985901151,1392.5630647,46.510616928229,8.476237179865,-4.26
2023/02/28T17:35:58.439428,-89.4096117401,-43.9648162541,1393.6454125,46.510577952579,8.476203786699,-4.55
2023/02/28T17:35:59.702650,-87.513638474,-40.8722301382,1393.53435,46.510605544359,8.476229020386,-4.38
2023/02/28T17:36:08.230594,-85.2674235934,-37.7428847665,1395.3021546,46.510633424746,8.476258823091,-4.33
2023/02/28T17:36:53.775672,-86.5705031869,-38.527266331,1393.8036501,46.51062652466,8.476241711568,-4.41
2023/02/28T17:37:12.780997,-88.1185770757,-40.2325529337,1391.373241,46.510611370519,8.476221249757,-4.62
2023/02/28T17:37:16.829643,-87.5145023866,-40.8695214465,1393.6300245,46.510605568807,8.476229009581,-3.75
2023/02/28T17:37:36.568755,-87.8435162976,-41.2877359893,1394.701694,46.510601845962,8.476224650926,-4.4
2023/02/28T17:37:38.016872,-87.8720844872,-41.4478426059,1394.037608,46.510600409361,8.47622425127,-4.3
2023/02/28T17:37:45.670702,-84.7069030092,-37.0969108923,1395.5946669999998,46.510639168438,8.476266236846,-4.43
2023/02/28T17:37:52.088296,-85.2213929109,-37.5888274226,1395.050961,46.510634805039,8.476259449367,-4.44
2023/02/28T17:37:52.673094,-86.4953506514,-38.5164482854,1394.0904223999999,46.510626612971,8.476242692477,-4.68
2023/02/28T17:38:06.525873,-87.9242623989,-40.8168495421,1393.9900707,46.510606091246,8.4762236802,-4.47
2023/02/28T17:38:06.899646,-85.9139546417,-37.9112177975,1395.168863,46.510631987546,8.476250371042,-4.45
2023/02/28T17:38:10.745506,-90.4353174195,-43.8457713616,1392.3237224,46.51057914562,8.476190444449,-4.64
2023/02/28T17:38:18.515088,-93.1653029812,-66.7064715729,1387.4689076,46.510373843352,8.476150940877,-4.12
2023/02/28T17:38:22.837767,-87.8771865233,-41.7382505534,1394.5994228,46.510597797689,8.476224134675,-4.31
2023/02/28T17:38:24.922451,-89.1830008328,-44.0475293437,1394.0770337,46.510577181552,8.476206724683,-4.35
2023/02/28T17:38:28.917960,-85.8722905242,-37.6429877107,1394.9621211,46.510634395313,8.476250960091,-4.32
2023/02/28T17:38:29.041216,-87.8645993462,-41.8692582378,1394.8681747,46.510596617748,8.476224276047,-4.3
2023/02/28T17:38:30.425320,-89.4330035043,-44.147153252,1393.910021,46.51057631522,8.476203450493,-4.24
2023/02/28T17:38:30.575250,-87.5561468457,-40.8323343813,1393.5094248999999,46.510605908275,8.47622847346,-4.47
2023/02/28T17:38:31.606432,-151.510642756,-1.0990802485,1403.2254950000001,46.510970903475,8.475402105758,-3.64
2023/02/28T17:38:37.850602,-87.8035782999,-41.6309158111,1394.6650454,46.510598754378,8.476225112129,-4.31
2023/02/28T17:38:38.394135,-85.0761109721,-37.506555594,1395.0070248,46.510635527788,8.476261356296,-4.22
2023/02/28T17:38:39.024425,-84.7868676437,-37.1471137977,1395.5291056,46.510638726396,8.476265186421,-4.38
2023/02/28T17:38:39.102712,-85.9411524972,-39.7511509396,1394.1825375,46.510615441107,8.476249699904,-4.79
2023/02/28T17:38:40.041254,-87.6453109044,-41.7122463766,1395.3071651999999,46.510598003873,8.47622715993,-4.41
2023/02/28T17:38:40.236169,-86.7027050736,-40.5639661015,1394.6424334,46.510608220468,8.476239638218,-4.28
2023/02/28T17:38:40.439111,-87.9472722011,-41.7525905776,1394.7958485000001,46.510597677,8.476223219088,-4.45
2023/02/28T17:38:40.549010,-87.6636077524,-41.6747964143,1394.8167369999999,46.510598343002,8.476226928093,-4.19
2023/02/28T17:38:40.720990,-87.8706840556,-41.603759706,1394.1840548,46.510599006719,8.47622424263,-4.31
2023/02/28T17:38:40.830243,-88.1191037605,-42.0915461064,1395.1028678999999,46.510594648532,8.476220922006,-4.62
2023/02/28T17:38:41.193492,-87.6510914117,-41.7497191266,1395.3163949,46.510597667498,8.476227078164,-4.21
2023/02/28T17:38:41.483305,-87.6937739374,-41.4643648649,1394.5444595000001,46.510600239438,8.476226571383,-3.69
2023/02/28T17:38:41.661850,-87.6055959528,-41.4664588179,1394.6684799,46.510600210091,8.476227719792,-4.06
2023/02/28T17:38:42.288866,-87.6611972433,-41.2464082995,1394.0430334,46.510602196143,8.476227033429,-3.59
2023/02/28T17:38:42.438468,-87.7270671525,-41.3714306403,1394.2694458,46.510601079379,8.476226153693,-4.21
2023/02/28T17:38:42.500123,-87.7656415012,-41.4174538681,1394.2656512,46.510600669997,8.476225643215,-4.12
2023/02/28T17:38:42.762093,-87.7969154506,-41.4585642398,1394.195936,46.51060030395,8.476225228705,-3.93
2023/02/28T17:38:43.109522,-87.8253287277,-41.2107795614,1393.9802957,46.510602536151,8.476224901257,-4.48
2023/02/28T17:38:44.036620,-87.3749710456,-40.810110813,1393.9451379,46.510606086537,8.476230837589,-4.34
2023/02/28T17:38:44.127539,-87.4105935777,-40.8829158489,1393.8877711,46.510605435917,8.476230360963,-4.31
2023/02/28T17:38:45.480553,-87.3383878311,-41.0620060507,1394.4412743,46.510603816335,8.476231270719,-4.31
2023/02/28T17:38:45.806447,-91.0934880958,-44.6142438967,1393.199182,46.510572311452,8.476181737213,-4.2
2023/02/28T17:38:46.749714,-87.7767434642,-41.7456126702,1395.3146366,46.51059771938,8.476225441865,-4.14
2023/02/28T17:38:47.020005,-87.6696676463,-41.5969650536,1394.7709758,46.510599043811,8.47622686256,-3.91
2023/02/28T17:38:48.482594,-85.2369855409,-39.0389428525,1393.8387204,46.510621763605,8.476258996615,-4.33
2023/02/28T17:38:51.166624,-87.7817228902,-41.4776622681,1394.3357403,46.510600130332,8.476225423321,-3.99
2023/02/28T17:38:52.058521,-87.258285549,-40.788156895,1393.880456,46.510606270143,8.476232361572,-4.24
2023/02/28T17:38:56.465455,-80.2973825075,-40.0787805109,1396.8488324999998,46.510611822313,8.476323170586,-4.58
2023/02/28T17:38:57.026454,-87.566487391,-40.8529935344,1393.3554133999999,46.51060572371,8.47622833521,-4.45
2023/02/28T17:38:59.258871,-88.513390963,-40.3165201552,1392.2459828,46.510610662034,8.476216091468,-3.36
2023/02/28T17:39:01.568971,-88.8243734837,-40.6151883793,1392.1697539,46.510608012569,8.47621198852,-3.6
2023/02/28T17:39:03.429524,-88.1271504788,-41.7441028613,1394.0772858999999,46.510597774882,8.476220877203,-4.36
2023/02/28T17:39:04.153655,-87.8975171568,-41.7777880132,1394.1384602,46.510597444566,8.476223863074,-4.46
2023/02/28T17:39:05.440003,-88.0082299216,-38.6860080927,1390.1095057,46.510625268539,8.47622295401,-3.93
2023/02/28T17:39:09.477154,-87.4086932205,-41.6757795829,1394.9507065,46.510598303813,8.476230248951,-4.54
2023/02/28T17:39:13.737600,-87.7669423679,-41.6895004804,1394.5086181,46.510598223093,8.47622557936,-4.49
2023/02/28T17:39:14.035352,-85.449249276,-36.3464305133,1394.8558378,46.510646007317,8.476256694898,-4.18
2023/02/28T17:39:18.736284,-87.8289531008,-41.4377682975,1393.9347918,46.510600494868,8.476224814943,-4.52
2023/02/28T17:39:23.528672,-84.7913417853,-37.2719916457,1395.1519264,46.510637603749,8.476265106683,-4.32
2023/02/28T17:39:23.679951,-84.6360154687,-36.6670305345,1395.2378337,46.510643026774,8.476267234496,-4.19
2023/02/28T17:39:26.669314,-85.0843181582,-37.3248818321,1395.1743344000001,46.510637162854,8.476261280641,-4.14
2023/02/28T17:39:32.047398,-88.4365668525,-41.3963920556,1394.0649107000002,46.510600939282,8.476216905999,-4.51
2023/02/28T17:39:35.222899,-89.1503039314,-40.9396321184,1392.5002093,46.510605132955,8.476207686319,-3.19
2023/02/28T17:39:35.538959,-88.2123670238,-42.1492793064,1394.4297463999999,46.510594140458,8.476219697134,-4.64
2023/02/28T17:39:36.683535,-89.1888132985,-40.9950873125,1392.5537014,46.510604638715,8.476207175053,-4.59
2023/02/28T17:39:41.041095,-87.5168955303,-40.6568054389,1392.8730334,46.510607482584,8.476229015178,-4.48
2023/02/28T17:39:41.938612,-88.4215792464,-40.703783656,1393.0047295000002,46.510607167598,8.476217220756,-4.64
2023/02/28T17:39:43.166676,-89.0889527844,-41.1549252162,1392.9456773,46.510603189047,8.476208448443,-4.44
2023/02/28T17:39:47.588448,-85.2162348535,-37.7471543397,1394.9460907,46.510633380324,8.476259489309,-4.38
2023/02/28T17:39:51.757019,-90.8075617086,-42.7809341187,1393.6912985000001,46.510588767642,8.476185778013,-4.31
2023/02/28T17:39:53.067177,-85.7139703287,-37.3356783709,1395.2994102,46.510637140608,8.476253075586,-4.43
2023/02/28T17:39:53.709466,-86.1220399579,-39.6982734615,1392.9519146,46.510615938489,8.476247352606,-4.89
2023/02/28T17:39:54.132706,-84.7157569765,-38.2911451869,1392.390522,46.510628428202,8.47626591631,-4.38
2023/02/28T17:39:55.327578,-84.8211372201,-37.3413909527,1395.5587979,46.510636982978,8.476264706479,-4.48
2023/02/28T17:39:56.042722,-112.229482179,-17.2955219166,1385.3160939,46.510820553468,8.475911081722,-3.63
2023/02/28T17:40:07.279576,-88.3909180211,-40.4829138583,1392.5129558,46.510609150733,8.476217658347,-4.66
2023/02/28T17:40:08.179795,-90.2058287514,-41.1242588153,1392.9475155999999,46.510603597721,8.476193902959,-4.63
2023/02/28T17:40:19.969170,-85.6487325206,-37.8930739737,1395.566371,46.510632119122,8.47625382944,-4.31
2023/02/28T17:40:27.962471,-86.2122182893,-39.403292344,1392.8770029,46.510618602532,8.476246228584,-2.83
2023/02/28T17:40:32.498001,-88.5572247547,-40.3761892968,1392.2114443,46.510610130541,8.476215510124,-2.55
2023/02/28T17:40:32.646553,-88.1234022481,-38.9701295728,1390.3943282999999,46.510622726559,8.476221404539,-3.82
2023/02/28T17:40:33.395630,-84.3375498042,-38.8168497938,1393.2400325,46.51062365443,8.476270752918,-4.17
2023/02/28T17:40:33.746725,-89.0722591518,-40.770100716,1392.299806,46.510606648617,8.476208732333,-4.6
2023/02/28T17:40:34.986424,-88.5029144799,-40.6901323376,1392.7115238000001,46.510607300121,8.476216163515,-4.42
2023/02/28T17:40:35.112890,-88.4381481665,-40.5128812506,1392.4879173,46.510608886804,8.47621703787,-4.13
2023/02/28T17:40:35.666052,-88.3592781979,-40.5367414542,1392.7211103,46.510608662759,8.476218061245,-4.36
2023/02/28T17:40:36.364533,-88.070301984,-40.6704421001,1393.4665002,46.510607425628,8.476221802894,-4.0
2023/02/28T17:40:41.073433,-85.8463672358,-37.1432789667,1394.8226676,46.510638887048,8.476251383933,-4.37
2023/02/28T17:40:42.599977,-87.8350451468,-41.6491906999,1394.605669,46.510598593753,8.476224699038,-4.46
2023/02/28T17:40:43.813738,-89.1265549343,-40.5513427486,1391.9286055,46.510608622837,8.476208062711,-4.27
2023/02/28T17:40:44.967808,-88.4271971872,-40.7146412202,1392.9207241,46.510607070621,8.476217145709,-4.59
2023/02/28T17:40:45.409011,-91.3764984803,-44.8044179683,1393.4382527,46.510570634482,8.476178017328,-4.55
2023/02/28T17:40:46.833398,-84.752486709,-38.3225239622,1392.2253637,46.510628150357,8.476265432414,-4.35
2023/02/28T17:40:53.681038,-89.8068334986,-37.6516363758,1390.0054129,46.510634786467,8.476199699826,-4.43
2023/02/28T17:40:57.194293,-88.3714811923,-40.5144626407,1392.6117195000002,46.510608864626,8.47621790612,-4.11
2023/02/28T17:40:57.440351,-88.1270860904,-38.8826611273,1390.2993024999998,46.510623513779,8.47622137163,-3.74
2023/02/28T17:40:59.574834,-88.3474355722,-40.8142324456,1393.254681,46.510606165263,8.476218167637,-4.63
2023/02/28T17:41:07.530987,-90.3267288012,-43.8930978468,1392.4141525,46.510578706994,8.476191850983,-4.2
2023/02/28T17:41:07.823694,-97.8203707859,-38.8595603793,1386.6511051999998,46.510624875111,8.476095091153,-4.17
2023/02/28T17:41:09.176005,-87.2215963053,-39.6716212998,1392.6640441,46.510616309058,8.476233032119,-4.67
2023/02/28T17:41:09.465707,-87.5362977087,-40.8970142656,1393.6316104,46.510605324106,8.476228720893,-3.74
2023/02/28T17:41:11.789235,-87.5218058201,-40.897249287,1393.4820972,46.510605320298,8.47622890968,-4.21
2023/02/28T17:41:13.594788,-85.0563773168,-37.6356651613,1395.1907447,46.510634364087,8.476261591114,-4.42
2023/02/28T17:41:14.038598,-87.8430486228,-41.7339282795,1395.593189,46.51059783231,8.47622458,-4.15
2023/02/28T17:41:14.333474,-117.228554744,-27.0027527874,1456.1356473,46.510733819011,8.475844269202,-4.06
2023/02/28T17:41:15.734053,-89.1205475344,-40.9689218926,1392.503321,46.510604865959,8.476208068942,-4.61
2023/02/28T17:41:24.106833,-87.697728856,-38.6075534127,1390.3091568999998,46.510625937255,8.47622701273,-4.57
2023/02/28T17:41:28.888945,-86.7387216603,-40.5957939462,1394.6274077,46.510607938469,8.47623916351,-4.55
2023/02/28T17:41:34.035652,-89.0809327769,-41.2925942861,1393.1350367,46.510601949747,8.47620852918,-3.8
2023/02/28T17:41:35.384230,-84.7983684782,-37.2693894068,1395.4872630999998,46.510637627925,8.476265015529,-4.38
2023/02/28T17:41:37.528043,-87.7380132717,-41.0429252631,1393.3958467,46.510604035701,8.476226067828,-4.58
2023/02/28T17:41:46.075306,-86.7243342758,-40.4283131389,1395.0648297999999,46.510609443131,8.476239379727,-4.65
2023/02/28T17:41:46.411662,-86.2301357826,-38.2445492723,1392.1583418,46.510629027492,8.476246194897,-4.08
2023/02/28T17:41:52.330408,-88.1041296534,-40.8879999151,1393.7128396,46.510605472709,8.476221324663,-3.88
2023/02/28T17:41:53.190846,-84.6201563827,-36.4834915744,1395.2567766999998,46.510644675784,8.476267472726,-4.33
2023/02/28T17:41:53.463286,-88.37724332,-40.5557054873,1392.6385056,46.510608494334,8.476217823941,-4.18
2023/02/28T17:41:54.521731,-86.5202638982,-42.0763073524,1393.7670864,46.510594595703,8.476241754696,-4.55
2023/02/28T17:41:55.049551,-89.203450127,-41.2192432832,1392.9624313,46.510602624132,8.476206945678,-3.09
2023/02/28T17:41:55.983083,-87.6102893911,-40.9907354082,1393.3008774,46.510604489967,8.476227740834,-4.45
2023/02/28T17:41:59.049026,-88.4680815879,-40.8104304846,1393.0638717,46.510606213848,8.476216596537,-4.61
2023/02/28T17:41:59.465770,-86.9144250839,-39.5985296597,1392.5564205,46.510616929991,8.476237046586,-4.23
2023/02/28T17:42:07.785002,-84.8581662416,-37.6877500392,1395.3081176,46.510633871994,8.476264164435,-4.3
2023/02/28T17:42:08.240442,-84.3793237754,-38.267550424,1392.3069427,46.510628600433,8.476270303475,-4.61
2023/02/28T17:42:08.913589,-86.0388768003,-41.2110536131,1391.7594445999998,46.510602321647,8.476248175658,-4.53
2023/02/28T17:42:10.882097,-87.347398648,-41.860542526,1394.2042918,46.510596634761,8.476231015802,-4.62
2023/02/28T17:42:12.118709,-86.9135792591,-39.5568708577,1392.5454229,46.510617304606,8.476237064784,-4.04
2023/02/28T17:42:12.617422,-86.5167594235,-38.479397045,1393.9875358,46.510626948807,8.476242419962,-4.09
2023/02/28T17:42:17.175690,-85.0544007169,-37.4692979488,1395.1868686,46.510635860296,8.476261645527,-4.36
2023/02/28T17:42:23.681343,-88.3440306098,-41.1169743112,1393.7905326,46.510603441643,8.476218159752,-4.31
2023/02/28T17:42:32.009551,-84.620720027,-37.6422198389,1393.5589816,46.510634253634,8.476267266054,-4.72
2023/02/28T17:42:32.976157,-89.3317394699,-42.9289518609,1395.0195165999999,46.51058726046,8.476204979433,-4.47
2023/02/28T17:42:35.226706,-87.9560916182,-41.7005576002,1394.20128,46.510598146194,8.476223113254,-4.32
2023/02/28T17:42:36.216325,-88.5491522532,-41.3065811947,1394.2171505000001,46.510601760475,8.476215454671,-4.59
2023/02/28T17:42:39.724194,-89.5977030848,-41.1162443249,1392.1282961999998,46.510603597645,8.4762018272,-3.8
2023/02/28T17:42:40.009498,-86.522413075,-38.5225419626,1393.9352895,46.510626561409,8.476242338882,-4.45
2023/02/28T17:42:47.510150,-87.9222690016,-40.6446830791,1394.3155718,46.510607639551,8.476223735773,-4.72
2023/02/28T17:42:51.153505,-88.7389359418,-41.4172464663,1393.8176658999998,46.510600787712,8.476212963156,-4.8
2023/02/28T17:42:57.216982,-84.7812263775,-37.1511507221,1395.532224,46.510638689413,8.47626525922,-4.44
2023/02/28T17:43:05.330257,-88.11310639,-39.8144278303,1395.8356529,46.510615129945,8.47622139229,-4.6
2023/02/28T17:43:08.365897,-94.4037265866,-47.5482908227,1398.4395799,46.510546312874,8.476138104828,-4.68
2023/02/28T17:43:10.442182,-84.701153846,-38.2882109331,1392.3764002,46.510628452861,8.476266107069,-4.39
2023/02/28T17:43:12.420869,-84.7969277874,-36.4092303109,1396.3645561,46.510645364557,8.476265182332,-4.23
2023/02/28T17:43:17.198978,-88.5103915003,-41.1243977475,1393.5276302,46.510603394709,8.476215991153,-4.29
2023/02/28T17:43:18.357243,-90.3289016401,-41.9197122543,1392.5696897,46.510596457472,8.476192162591,-4.01
2023/02/28T17:43:18.656588,-88.0030242568,-41.8110361216,1395.6984487,46.510597157745,8.476222482521,-4.44
2023/02/28T17:43:20.329187,-87.5599445486,-41.6343158626,1395.6491346,46.510598694623,8.476228285457,-4.77
2023/02/28T17:43:20.917341,-88.0121706761,-41.5978475979,1394.9232583,46.510599076579,8.47622240022,-4.69
2023/02/28T17:43:25.313643,-87.8598829876,-41.7583722274,1395.4330098,46.510597614475,8.476224356497,-4.48
2023/02/28T17:44:34.873270,-87.8352574036,-41.4747310749,1394.0066785000001,46.51060016313,8.47622472643,-4.5
2023/02/28T17:45:15.047335,-86.1332095349,-37.8831437717,1394.4978221,46.510632266278,8.476247519519,-4.66
2023/02/28T17:54:18.878729,-52.4709641589,-24.8284537864,1401.0031032000002,46.510745684938,8.476688323461,-3.65
2023/02/28T18:27:37.881478,-90.6618140498,-42.9545866987,1390.2520602,46.510587189015,8.476187647506,-4.45
2023/03/02T08:04:52.191907,-71.8520023529,-13.8821448549,1430.0719125,46.510846445151,8.476437705888,-4.22
2023/03/02T08:05:12.793519,-75.1771819568,-12.0915268189,1431.1781624,46.510862946782,8.476394693268,-3.89
2023/03/02T08:27:55.005908,-88.9760980974,-40.6680455434,1392.1383596,46.51060755518,8.476210002737,-4.39
2023/03/02T10:08:13.859437,-85.0231522531,-38.5230541155,1392.1529713,46.510626378832,8.476261871622,-3.52
2023/03/02T10:39:37.410523,-90.6201834548,-44.1320569373,1392.3199096,46.51057659252,8.476187986682,-4.38
2023/03/02T11:03:47.306170,-86.077476874,-38.081828557,1394.7456151,46.510630472466,8.476248211339,-4.48
2023/03/02T11:03:52.936749,-86.0939128315,-38.1182447867,1394.7173931,46.510630146869,8.476247990941,-4.39
2023/03/02T11:04:22.946724,-85.3277882277,-36.9289848618,1395.8465178,46.510640752702,8.476258176775,-4.54
2023/03/02T11:04:24.041400,-86.1230756682,-39.6544703541,1393.0896789,46.510616332586,8.476247346635,-4.28
2023/03/02T11:04:24.940081,-86.0082563758,-37.2046949286,1396.2444655,46.510638353596,8.476249263999,-4.5
2023/03/02T11:04:25.455132,-85.5946793254,-36.9822830239,1395.0989946000002,46.510640305187,8.476254690637,-4.25
2023/03/02T11:04:27.837532,-85.6513304394,-37.0473871219,1395.0504987000002,46.510639726335,8.476253941373,-4.07
2023/03/02T11:04:31.092468,-85.9094866975,-37.7298051498,1394.9510409000002,46.510633618832,8.476250460541,-4.34
2023/03/02T11:04:35.955585,-85.8822107799,-37.9089625417,1394.9820445,46.510632004093,8.476250785025,-4.44
2023/03/02T11:04:47.213485,-85.970732992,-37.2744134502,1394.5445791,46.510637722364,8.47624974114,-4.4
2023/03/02T11:04:54.139528,-85.4501803312,-36.3759212722,1394.8187489,46.510645742171,8.476256677694,-4.29
2023/03/02T11:05:00.669882,-85.4523166772,-37.047978458,1395.3641548,46.510639697283,8.476256533989,-4.4
2023/03/02T11:05:04.416489,-85.5635078656,-36.7286907767,1394.9741233999998,46.510642582521,8.476255140451,-4.42
2023/03/02T11:05:04.591991,-85.876402637,-36.9072808824,1394.5498094,46.510641013435,8.476251033332,-4.15
2023/03/02T11:05:10.277267,-85.6708911029,-36.7385166611,1394.8187848,46.510642506942,8.476253739785,-3.71
2023/03/02T11:06:22.896650,-85.8930410999,-37.7354945624,1394.9092461999999,46.510633565709,8.476250673823,-4.33
2023/03/02T11:07:47.672299,-85.4819778302,-37.1366939864,1395.5844878999999,46.510638902787,8.476256132239,-4.42
2023/03/02T11:07:49.408945,-84.2850842248,-35.4868815974,1395.978409,46.510653600115,8.47627200965,-4.37
2023/03/02T11:07:51.466956,-85.8472716259,-36.7423516773,1394.2761961,46.510642493533,8.476251441314,-4.41
2023/03/02T11:08:01.067548,-85.30357019,-36.7612794202,1395.3916663,46.510642258392,8.47625852126,-3.86
2023/03/02T11:09:20.886657,-86.4633052815,-38.302674128,1393.9783982000001,46.510628532042,8.476243146814,-3.68
2023/03/02T11:09:21.169094,-86.4061904317,-38.3607765718,1393.9818031,46.510628002627,8.476243880902,-4.56
2023/03/02T11:09:23.266810,-86.3948220164,-38.3117368869,1394.0980866999998,46.510628442355,8.476244037439,-4.3
2023/03/02T11:10:40.805053,-84.476673787,-36.4075316272,1395.1202540000002,46.510645341991,8.476269355142,-4.43
2023/03/02T11:11:08.384305,-85.1700551454,-37.7945495232,1394.9922113,46.510632948511,8.47626008277,-4.16
2023/03/02T11:13:16.069906,-85.7585351993,-36.991621237,1394.8142901,46.510640240737,8.476252554346,-4.22
2023/03/02T11:13:51.478347,-88.1062125568,-42.0586104915,1395.6165472999999,46.510594943147,8.476221095539,-3.26
2023/03/02T11:14:39.936109,-84.9326264709,-36.9245012244,1395.0805156,46.510640746182,8.476263325888,-4.18
2023/03/02T11:14:47.746409,-88.0474802726,-40.6824260543,1393.4722467000001,46.510607315119,8.476222098152,-4.44
2023/03/02T11:32:56.873270,-85.2174981819,-36.6476536833,1395.571425,46.510643270162,8.476259662159,-4.36
2023/03/02T11:32:58.619979,-85.5921861166,-37.1024834656,1395.1241452000002,46.510639223704,8.476254702407,-4.25
2023/03/02T11:32:58.662488,-85.1113562565,-36.6489872125,1395.8462131,46.510643245488,8.47626104471,-4.42
2023/03/02T11:33:00.589542,-85.1383066163,-36.6199664725,1395.6690157,46.510643509765,8.476260698628,-4.3
2023/03/02T11:33:03.423117,-84.4211828294,-35.6924532014,1396.0047834,46.510651767218,8.476270201123,-4.49
2023/03/02T11:33:04.607169,-85.4244599417,-36.6747944574,1395.2226619,46.510643050721,8.476256961224,-4.2
2023/03/02T11:33:05.471835,-85.8254932649,-37.741334944,1394.8568395,46.510633505152,8.476251552846,-4.06
2023/03/02T11:33:05.701942,-85.2249289392,-36.4756364594,1395.2733673999999,46.510644818369,8.476259595036,-4.26
2023/03/02T11:33:05.853175,-85.2919891495,-36.7296811689,1395.4124973,46.510642541231,8.476258677579,-4.19
2023/03/02T11:33:07.188432,-85.9666434359,-37.8487566409,1394.8697012,46.510632555699,8.476249695419,-4.36
2023/03/02T11:33:07.996551,-85.729548228,-37.3905842928,1394.995862,46.510636648652,8.476252863229,-4.41
2023/03/02T11:33:08.061480,-85.3425057526,-36.5491435274,1395.2472918,46.510644171176,8.476258050574,-4.01
2023/03/02T11:33:08.172159,-85.2583734994,-36.816216382,1395.669645,46.510641758813,8.476259100575,-4.44
2023/03/02T11:33:08.466867,-85.5782179679,-37.0053194165,1395.1436228,46.510640096012,8.476254901121,-4.37
2023/03/02T11:33:08.564491,-85.9605546286,-37.5091079439,1394.6728911,46.510635610093,8.476249833291,-4.54
2023/03/02T11:33:08.993595,-85.2480662442,-36.9090857455,1395.7793618,46.510640922222,8.476259218841,-4.33
2023/03/02T11:33:09.943883,-85.0068459464,-36.3408533894,1395.6791678,46.510646004699,8.476262459394,-4.41
2023/03/02T11:33:12.289198,-85.2979325601,-36.7811271718,1395.5909097,46.510642079155,8.476258591254,-4.36
2023/03/02T11:33:13.497648,-85.5918927402,-36.8315565092,1394.9553205,46.510641660642,8.476254752932,-4.32
2023/03/02T11:33:13.989054,-85.6452406328,-37.0672718647,1395.050522,46.510639546751,8.476254017286,-4.13
2023/03/02T11:33:14.713119,-85.5835242681,-36.8539644193,1394.89746,46.510641458103,8.476254858107,-4.36
2023/03/02T11:33:17.620856,-85.515775756,-37.0914799827,1395.4472548,46.510639313526,8.476255699729,-4.35
2023/03/02T11:33:17.815192,-85.2896455768,-36.8112928395,1395.538091,46.510641806845,8.47625869403,-4.28
2023/03/02T11:33:18.421248,-85.4777498944,-37.1636917128,1395.6016618,46.510638659441,8.476256182667,-4.44
2023/03/02T11:33:18.630049,-85.1235736976,-36.231060683,1395.3842571999999,46.510647006207,8.476260957618,-4.39
2023/03/02T11:33:19.235864,-85.9088847269,-37.9134778003,1394.803664,46.510631966687,8.476250436767,-4.17
2023/03/02T11:33:19.740741,-84.2878258997,-35.4931917205,1396.0020287,46.510653543678,8.47627197284,-4.41
2023/03/02T11:33:20.746578,-85.7849583412,-37.1447544487,1394.8241759,46.510638866472,8.47625218372,-4.15
2023/03/02T11:33:21.588099,-85.4346464002,-36.3293968954,1394.9037752,46.510646158785,8.476256888072,-4.12
2023/03/02T11:33:21.649687,-86.9032281311,-40.2574322873,1394.1568493,46.510611001631,8.476237078675,-4.6
2023/03/02T11:33:27.040736,-85.6707817325,-36.749161216,1394.8194145999998,46.510642411183,8.476253739376,-3.74
2023/03/02T11:33:29.455534,-85.3313501389,-36.7609693159,1395.4748712,46.510642264469,8.476258159379,-3.82
2023/03/02T11:33:31.457811,-85.8495330773,-36.8331414436,1394.2929096,46.510641677161,8.476251396208,-4.44
2023/03/02T11:33:32.996015,-85.6504490734,-37.1130290099,1395.0512416000001,46.510639135793,8.476253941547,-4.06
2023/03/02T11:33:33.152532,-85.5723858913,-36.7761805838,1394.9270170000002,46.510642156424,8.476255016614,-4.26
2023/03/02T11:33:34.182328,-85.3979427773,-36.3469109947,1394.8946686000002,46.510645996885,8.476257363235,-4.16
2023/03/02T11:33:34.761066,-85.515891178,-37.0139043839,1395.1663816999999,46.510640011374,8.476255711638,-4.22
2023/03/02T11:33:35.068253,-85.3119267584,-36.782879509,1395.4067189,46.510642065094,8.476258408666,-4.21
2023/03/02T11:33:35.541476,-85.574529069,-37.2590741704,1395.5606912,46.510637813012,8.476254905393,-4.51
2023/03/02T11:33:35.595633,-85.141539346,-36.685835958,1395.8370396,46.510642917632,8.476260645135,-4.49
2023/03/02T11:33:35.989779,-85.6313385814,-36.3518088791,1394.4544861,46.510645980677,8.476254321762,-4.29
2023/03/02T11:33:36.141284,-85.5979516408,-36.8099983649,1394.9317199,46.510641855279,8.476254677714,-4.35
2023/03/02T11:33:36.344217,-85.1271014945,-36.6279323546,1395.8788222,46.510643436739,8.476260843201,-4.44
2023/03/02T11:33:36.464946,-85.4141413616,-36.7290303088,1395.217296,46.510642561653,8.476257086313,-4.16
2023/03/02T11:33:36.724383,-85.080957585,-35.8906646015,1395.065947,46.510650063003,8.476261571522,-4.14
2023/03/02T11:33:40.768038,-85.0609212345,-36.194685223,1395.3929651,46.510647325944,8.476261780126,-4.36
2023/03/02T11:33:42.748013,-85.2473777086,-36.7759978857,1395.3330254,46.51064211933,8.476259250816,-4.16
2023/03/02T11:33:42.933806,-85.4167797226,-37.054120488,1395.3526738,46.510639637812,8.476256995912,-4.36
2023/03/02T11:33:44.922451,-85.2880385076,-36.1820976704,1395.2694219,46.510647466205,8.476258823408,-4.14
2023/03/02T11:33:46.841098,-85.8063282073,-37.1174540536,1394.8085993,46.510639114579,8.476251910017,-4.21
2023/03/02T11:33:46.918780,-85.7965731854,-37.1316145593,1394.7909224,46.510638986051,8.47625203467,-4.21
2023/03/02T11:33:49.907024,-84.5194427227,-38.2812008872,1391.921476,46.510628494392,8.476268475706,-4.64
2023/03/02T11:33:54.496688,-85.6062375638,-37.1982818746,1395.4006472,46.510638363631,8.476254502792,-4.33
2023/03/02T11:33:55.928086,-85.6510717259,-36.3244936292,1394.4790065999998,46.510646228715,8.476254069378,-4.16
2023/03/02T11:33:56.646537,-85.4604117316,-37.2131346159,1395.4487176999999,46.510638212679,8.476256400059,-4.35
2023/03/02T11:34:01.034263,-87.4973442554,-40.2684481279,1392.3232543,46.510610973572,8.476229336891,-4.18
2023/03/02T11:34:07.382982,-85.203709017,-35.8985607279,1394.8338966000001,46.510650006625,8.476259970983,-4.34
2023/03/02T11:34:16.204951,-86.2364935037,-38.0461136722,1396.3687711999999,46.510630812307,8.476246145527,-3.63
2023/03/02T11:34:18.581859,-85.4678448499,-36.720442923,1395.2099263,46.510642645284,8.476256388139,-4.23
2023/03/02T11:34:21.569643,-85.2013386348,-36.5482424831,1395.6314702999998,46.510644162414,8.476259889803,-4.21
2023/03/02T11:34:21.735669,-85.5195431947,-36.9856371321,1395.1424662,46.510640266072,8.476255668933,-4.28
2023/03/02T11:34:25.943922,-86.3505199924,-38.1180015078,1394.1070701,46.510630179699,8.476244647984,-4.49
2023/03/02T11:34:28.627939,-85.3358690361,-36.4084166414,1395.0997060999998,46.510645436229,8.476258161307,-4.28
2023/03/02T11:34:29.054585,-85.1491506873,-36.5609193684,1395.5626987,46.510644042194,8.476260567541,-4.33
2023/03/02T11:34:30.722950,-84.2230151878,-35.4847564669,1395.9910112,46.510653611845,8.476272818656,-4.27
2023/03/02T11:34:32.244674,-84.97770445,-35.7729343842,1395.1522091,46.510651109667,8.476262936982,-4.16
2023/03/02T11:34:38.426289,-86.4013185436,-38.5076244122,1394.211503,46.510626681132,8.476243919036,-4.66
2023/03/02T11:34:45.574774,-85.4165449142,-36.3565488264,1394.8543049,46.510645912415,8.476257119231,-4.2
2023/03/02T11:35:03.360996,-85.5084250905,-36.4248991606,1394.7752277,46.51064530856,8.476255910445,-4.31
2023/03/02T11:35:54.918255,-84.5317150294,-35.0378912014,1394.9695708000002,46.510657668238,8.476268874042,-4.26
2023/03/02T11:38:49.289630,-87.031766322,-39.6327794271,1392.6466266999998,46.510616635859,8.476235511937,-4.28
2023/03/02T11:38:50.987783,-85.1998529532,-36.0877670073,1394.9942742,46.510648304258,8.476259988597,-4.44
2023/03/02T11:39:32.810671,-86.3939988893,-38.2649129389,1393.6646910999998,46.510628863516,8.476244056304,-4.64
2023/03/02T11:40:40.029677,-84.0835979516,-35.2746990107,1396.2861863,46.510655484633,8.476274671136,-3.9
2023/03/02T11:41:37.823666,-85.3012154354,-36.746407331,1395.4153178,46.510642391879,8.476258554496,-4.22
2023/03/02T11:42:19.261812,-86.2686160663,-38.1370956379,1394.3348154,46.510629998164,8.476245711708,-4.65
2023/03/02T11:42:51.733883,-88.0450829398,-40.7081214981,1395.84504,46.510607083238,8.476222124549,-4.68
2023/03/02T11:42:55.729246,-86.5166399339,-38.4904531885,1393.9762584,46.510626849347,8.476242419616,-4.17
2023/03/02T11:42:56.296706,-86.5167446667,-38.4934971191,1393.9249302,46.51062682199,8.476242417736,-4.38
2023/03/02T11:43:04.731775,-86.5731403772,-38.7337821198,1394.1777759,46.510624667327,8.476241641569,-4.53
2023/03/02T11:43:08.901715,-85.1712920913,-36.6067431541,1395.5868486,46.510643632646,8.476260271182,-4.28
2023/03/02T11:43:10.727723,-86.5726031428,-38.5805939313,1393.836735,46.510626045231,8.476241675017,-4.39
2023/03/02T11:43:20.116658,-86.5654107919,-38.5436587415,1393.8922597,46.51062637659,8.476241775073,-4.19
2023/03/02T11:43:32.288062,-85.2151379869,-37.7446890948,1395.0318663,46.510633402351,8.476259504009,-4.2
2023/03/02T11:43:39.083167,-86.3842417472,-38.241491131,1394.0356622000002,46.510629072957,8.476244187392,-4.45
2023/03/02T11:43:44.985334,-86.6312069679,-38.6204646097,1393.7142186,46.510625693596,8.476240904673,-4.56
2023/03/02T11:43:58.083497,-86.5000631055,-38.4387457536,1393.9028982999998,46.510627312489,8.476242644501,-4.58
2023/03/02T11:44:04.393868,-86.5699561401,-38.4084957521,1393.6171285,46.510627592952,8.476241739188,-4.33
2023/03/02T11:44:07.895482,-88.1538862912,-38.8689097555,1390.2774650000001,46.510623640662,8.476221024847,-4.18
2023/03/02T11:44:10.404304,-89.8239949448,-41.1468412566,1392.0025089,46.51060334937,8.476198873799,-4.38
2023/03/02T11:44:11.780022,-86.4833103851,-38.497923068,1393.9639045000001,46.510626778195,8.476242852552,-4.02
2023/03/02T11:44:16.600832,-86.5417721192,-38.482700828,1393.9929144,46.510626922064,8.476242093524,-4.19
2023/03/02T11:44:17.264837,-85.4614198185,-39.2455576442,1392.7858614,46.510619932045,8.47625603725,-4.56
2023/03/02T11:44:17.548981,-86.5808891109,-38.585164001,1393.8093823,46.510626005115,8.476241566284,-4.34
2023/03/02T11:44:18.829358,-86.4399147457,-38.3566228936,1393.9806055,46.510628044,8.476243442254,-4.16
2023/03/02T11:44:23.798130,-86.6496936618,-38.944669564,1394.1496349,46.510622779543,8.4762406079,-4.53
2023/03/02T11:44:38.509645,-86.6095441608,-38.5086040494,1393.967483,46.510626697135,8.476241206125,-4.64
2023/03/02T11:44:44.948119,-88.5615064246,-40.857063733,1393.1037446,46.510605805494,8.476215371349,-4.51
2023/03/02T11:45:01.230753,-86.8234952907,-38.2518783452,1392.6897490000001,46.510629032037,8.476238463195,-4.52
2023/03/02T11:45:02.713122,-87.6436474607,-41.6099208097,1395.238068,46.510598924089,8.476227199241,-3.92
2023/03/02T11:45:07.082683,-88.2563184905,-41.8146572926,1395.2355839,46.510597155391,8.476219182036,-4.31
2023/03/02T11:45:07.195732,-87.6802073512,-41.6730932929,1394.8298732,46.510598360293,8.476226712123,-4.2
2023/03/02T11:45:08.431697,-87.8831409276,-41.7562285906,1395.2860293,46.510597636552,8.476224053885,-4.08
2023/03/02T11:45:08.558970,-87.7999363989,-41.8584661649,1395.4484858,46.510596707015,8.476225120241,-3.69
2023/03/02T11:45:08.668529,-87.1918603047,-41.2232163381,1394.9792997,46.510602348743,8.476233151829,-4.45
2023/03/02T11:45:09.261882,-87.8470494752,-41.638492323,1394.5794595,46.510598691416,8.476224544492,-4.43
2023/03/02T11:45:09.540494,-87.8232036578,-41.8219970192,1395.3817184,46.510597037829,8.476224823407,-3.3
2023/03/02T11:45:39.857256,-87.2912070267,-41.0791246933,1394.4527588,46.510603656742,8.476231882444,-4.35
2023/03/02T11:47:06.237683,-87.4579211301,-40.871825129,1393.7063772,46.510605541341,8.476229746317,-3.26
2023/03/02T11:47:19.120372,-87.7668628865,-41.4019837417,1394.3277557,46.510600809281,8.476225629957,-4.34
2023/03/02T11:47:41.114488,-87.5998708187,-41.1168226092,1394.6239291,46.510603354334,8.476227854619,-4.44
2023/03/02T11:47:49.918604,-87.5742463842,-40.6455743315,1392.5850715000001,46.510607590484,8.47622826999,-4.22
2023/03/02T11:47:58.083054,-87.4396393164,-40.9167385141,1393.8918818,46.510605135142,8.476229976725,-4.12
2023/03/02T11:48:09.195992,-87.6542283362,-41.5926012117,1394.6581313,46.510599081249,8.476227064476,-4.42
2023/03/02T11:48:18.312769,-87.3219952057,-40.7231962138,1393.3717566999999,46.510606862131,8.476231542835,-4.37
2023/03/02T11:48:21.819061,-87.7929346962,-41.6335701274,1394.6801957,46.510598729234,8.476225250335,-4.6
2023/03/02T11:48:35.265027,-87.8026909833,-40.3312681117,1392.1101729,46.510610444877,8.476225348019,-4.59
2023/03/02T11:48:37.761883,-87.6789027522,-41.4804910934,1394.6438904,46.510600092597,8.476226762331,-4.05
2023/03/02T11:48:39.445864,-89.6380920978,-44.2716749669,1394.1759488,46.510575219509,8.476200757084,-4.66
2023/03/02T11:48:49.226994,-87.7387057985,-41.6566773879,1394.6019013999999,46.510598514954,8.476225952867,-4.59
2023/03/02T11:48:49.852937,-87.7285697786,-41.5020576469,1394.760095,46.510599904494,8.476226111529,-4.52
2023/03/02T11:48:53.545081,-87.6659088614,-41.4697647099,1394.5654053,46.510600187549,8.476226933478,-4.07
2023/03/02T11:48:53.655703,-87.7768366793,-41.9548463849,1394.8160948999998,46.51059583747,8.476225404692,-4.62
2023/03/02T11:48:54.736470,-87.6414461066,-41.5730643291,1394.7665753,46.510599255438,8.476227234351,-3.86
2023/03/02T11:49:05.028627,-87.630278436,-41.7290504728,1394.8639514000001,46.510597851023,8.476227352956,-4.24
2023/03/02T11:49:24.139491,-87.4044511304,-40.8674858469,1393.9255597,46.510605573969,8.476230443639,-4.43
2023/03/02T11:49:50.045575,-87.9049683898,-41.6834877699,1394.4669787999999,46.510598293601,8.476223782187,-4.27
2023/03/02T11:49:52.444760,-87.3987523308,-40.0909587957,1392.9918173,46.510612558198,8.476230651817,-4.4
2023/03/02T11:49:54.673347,-87.447930465,-40.6420668175,1392.8006973,46.510607606967,8.476229916213,-4.31
2023/03/02T11:51:52.300327,-86.9264470665,-38.6632088581,1392.6223126,46.510625344451,8.47623705108,-4.5
2023/03/02T11:52:05.811608,-91.9342352371,-43.8607527821,1394.7472528,46.510579188655,8.476170913415,-4.34
2023/03/02T11:53:00.313615,-87.2726324331,-40.6308300078,1393.3886405,46.510607687074,8.476232201847,-4.32
2023/03/02T11:53:26.342609,-87.6192419021,-40.5476782795,1392.6464855,46.510608476381,8.476227700638,-4.53
2023/03/02T11:53:46.011948,-82.0860712547,-38.9255770363,1412.6015092,46.510622404812,8.476300063335,-4.34
2023/03/02T11:53:48.386532,-87.7745917276,-41.6245053986,1394.4626764000002,46.510598808631,8.476225490908,-4.31
2023/03/02T11:53:54.131719,-88.1585918488,-42.1255916841,1394.5260374,46.510594347109,8.476220401786,-4.55
2023/03/02T11:53:58.987282,-88.5857549547,-42.3862238573,1395.6097125,46.51059205336,8.47621479158,-3.87
2023/03/02T11:54:16.262498,-87.5770909516,-40.290234227,1392.3477491,46.51061078709,8.476228294186,-4.73
2023/03/02T11:54:22.595626,-87.8880501464,-41.733500933,1394.6453019,46.510597841694,8.476223993953,-4.5
2023/03/02T11:55:12.924660,-91.7055455362,-43.0573960687,1393.2955785000001,46.510586387794,8.476174031442,-4.56
2023/03/02T11:56:17.988799,-89.7825273853,-44.1279772467,1393.5633553,46.510576529344,8.476198900228,-4.55
2023/03/02T11:56:19.617781,-88.6685251887,-42.499820773,1395.1324387999998,46.510591041515,8.476213693755,-4.07
2023/03/02T11:56:23.447477,-86.449628952,-38.3055540619,1394.1492985999998,46.510628504477,8.476243324465,-4.19
2023/03/02T11:57:19.702188,-87.4606856364,-41.6092801741,1393.9519380000002,46.510598908345,8.476229583217,-4.56
2023/03/02T11:57:20.687966,-87.6355223521,-41.3592885227,1394.1131174000002,46.510601177738,8.476227348466,-4.4
2023/03/02T11:58:02.924212,-86.2396575804,-38.5782654895,1394.2681715,46.510626026489,8.476246012992,-4.05
2023/03/02T11:58:08.739806,-87.4772573891,-40.4768515415,1392.6942765000001,46.510609096558,8.476229562619,-4.3
2023/03/02T11:58:11.362975,-86.3200180391,-38.2807336885,1394.2650257,46.510628712293,8.476245017305,-4.26
2023/03/02T11:58:23.427875,-87.7243265971,-40.8133748567,1392.5423861,46.510606099007,8.476226285831,-4.37
2023/03/02T11:58:25.293130,-89.2240590556,-41.0224264492,1392.514824,46.510604397004,8.476206711165,-4.61
2023/03/02T11:58:27.133502,-87.71945085,-40.878615841,1392.6390496000001,46.510605511577,8.476226338097,-4.35
2023/03/02T11:58:36.135013,-87.8351089722,-41.4233148324,1394.0079466,46.510600625592,8.476224737221,-4.17
2023/03/02T11:58:49.128355,-92.0090406621,-45.2449365044,1393.8469017,46.510566747245,8.476169700559,-4.2
2023/03/02T11:59:06.056194,-86.3127167593,-38.3792789648,1394.2775122,46.510627825025,8.476245095448,-4.39
2023/03/02T11:59:08.538178,-87.4981543887,-40.9136506834,1393.6250093,46.510605169929,8.476229214963,-4.43
2023/03/02T11:59:13.603959,-86.498424097,-38.4947461032,1393.9832818,46.510626808565,8.476242656193,-3.93
2023/03/02T11:59:16.953531,-88.319971737,-41.3111924648,1394.1134372,46.51060169176,8.47621843968,-3.97
2023/03/02T11:59:23.242040,-90.2688687877,-41.9565905393,1392.6730094,46.510596118598,8.476192938334,-4.44
2023/03/02T11:59:40.562793,-85.2572828894,-36.3389577544,1395.0395096999998,46.510646051664,8.476259197112,-4.29
2023/03/02T11:59:53.431171,-86.1300436626,-38.2849840764,1394.5676270000001,46.510628651406,8.476247491526,-4.59
2023/03/02T12:00:07.766479,-84.5092576919,-38.9194265485,1392.7697818,46.510622752287,8.4762684983,-4.76
2023/03/02T12:02:48.164521,-85.8408203926,-72.6918446894,1387.9067453,46.51031913477,8.476245333341,-3.96
2023/03/02T12:02:51.216269,-87.8401170471,-38.6493976025,1390.5228805000002,46.510625577767,8.476225150437,-4.48
2023/03/02T12:02:57.417788,-88.1086252504,-40.8015637645,1391.3013481,46.510606251199,8.4762212814,-4.26
2023/03/02T12:03:03.695774,-81.8651920734,-38.8974550215,1391.7529534,46.510622635621,8.476302949411,-4.61
2023/03/02T12:03:19.412909,-90.3733191798,-43.609918623,1392.4828764,46.510581259668,8.476191292769,-4.61
2023/03/02T12:03:24.942477,-84.6344438479,-38.6249037937,1392.6860267000002,46.510625416373,8.476266918116,-4.72
2023/03/02T12:03:57.316318,-90.2298345766,-44.1121051677,1390.7646194000001,46.510576725865,8.476193075887,-4.45
2023/03/02T12:04:00.512719,-90.2643782883,-45.424812753,1397.9470218000001,46.510564920981,8.476192398478,-4.32
2023/03/02T12:04:06.064133,-87.63887368,-41.1544631964,1392.5517648,46.510603020813,8.476227340359,-4.55
2023/03/02T12:04:31.497183,-87.559278599,-40.3719116596,1392.1940482999998,46.510610050328,8.476228512203,-4.24
2023/03/02T12:04:37.894857,-84.6316020507,-37.2502271922,1393.9530037000002,46.510637780754,8.476267191745,-4.32
2023/03/02T12:04:42.920788,-89.4520716555,-43.9622626386,1393.6822127,46.510577980591,8.476203233961,-4.88
2023/03/02T12:04:49.187922,-89.3808816499,-42.8146532592,1395.0306732,46.510588294398,8.476204358892,-4.53
2023/03/02T12:04:52.237706,-87.5705208452,-40.1938475408,1392.3506607,46.510611653289,8.476228396386,-4.52
2023/03/02T12:07:56.156638,-90.280662688,-42.2081714298,1393.1002044,46.510593856991,8.47619274127,-4.65
2023/03/02T12:07:56.753876,-91.0811658008,-44.7126592398,1393.4063328,46.510571424717,8.47618188076,-4.48
2023/03/02T12:07:57.545555,-88.2071687514,-39.0061618937,1390.3270622,46.510622412431,8.476220307025,-4.26
2023/03/02T12:08:06.731535,-91.0168342339,-42.6231355902,1392.9842359,46.510590212041,8.476183078896,-3.98
2023/03/02T12:08:09.150376,-88.3434242588,-39.5811735801,1392.9101125,46.510617255998,8.476218432373,-4.43
2023/03/02T12:08:13.458484,-89.1292626914,-41.2150844797,1392.9936808,46.51060265271,8.47620791291,-4.07
2023/03/02T12:08:23.353085,-90.2167486642,-43.7019672783,1391.9440782000001,46.510580413192,8.47619331682,-4.35
2023/03/02T12:08:28.182445,-90.9035943504,-42.651786474,1393.2287119,46.510589940815,8.476184549218,-4.55
2023/03/02T12:08:48.334459,-88.4634947679,-40.7714498388,1393.0154195999999,46.510606563936,8.476216663018,-4.72
2023/03/02T12:08:59.013558,-84.6035293466,-38.7341293502,1392.6236902,46.510624430244,8.476267302067,-4.7
2023/03/02T12:09:07.061563,-86.5847301884,-29.9410785879,1386.5182634,46.510703759017,8.476243006636,-4.1
2023/03/02T12:09:08.105840,-87.5235228683,-40.3887002659,1392.3039258000001,46.510609895043,8.476228975121,-4.53
2023/03/02T12:09:11.134079,-91.4475038527,-44.8566254079,1392.6871896,46.510570173479,8.4761770834,-4.29
2023/03/02T12:09:40.774222,-88.8942182916,-40.6348128449,1391.9753025999998,46.510607844396,8.476211075228,-4.19
2023/03/02T12:10:54.880510,-84.6544686048,-36.5080121609,1395.0796016,46.510644459342,8.476267021509,-4.4
2023/03/02T12:12:49.595410,-84.7294351691,-37.1719214548,1395.5665661,46.510638496417,8.476265930377,-4.37
2023/03/02T12:12:52.868511,-84.7124205185,-37.9321872925,1393.0376981999998,46.510631656439,8.476266021506,-4.64
2023/03/02T12:13:09.963449,-85.246957018,-41.4425086745,1393.569632,46.5106001452,8.476258452678,-4.7
2023/03/02T12:13:14.126561,-84.4365225313,-36.3818142086,1395.3365406,46.510645568496,8.47626988263,-4.27
2023/03/02T12:13:18.853539,-89.1134067406,-41.1892949811,1392.9385668,46.510602882807,8.476208123935,-4.49
2023/03/02T12:13:21.844370,-86.9913453273,-39.6563127199,1392.6094428,46.510616419381,8.476236034498,-3.87
2023/03/02T12:13:26.077584,-88.4007497677,-42.3331837894,1395.7360374,46.510592508417,8.47621721096,-3.43
2023/03/02T12:13:28.967397,-90.0457262918,-43.6693948372,1396.1594370999999,46.510580685,8.476195549799,-4.77
2023/03/02T12:13:47.192205,-88.3445595405,-39.0737222282,1390.3710876999999,46.51062182107,8.476218505438,-3.61
2023/03/02T12:13:51.692549,-90.2833777904,-42.3847401363,1393.2567336,46.510592269079,8.476192675454,-3.74
2023/03/02T12:13:52.589319,-84.9081612173,-36.9614005256,1395.0573817,46.510640411374,8.476263638271,-4.14
2023/03/02T12:13:54.480280,-84.5743556372,-36.5024518741,1395.2307457,46.510644499797,8.476268066161,-4.27
2023/03/02T12:14:14.640680,-87.844839022,-41.849512334,1394.8563663,46.510596793011,8.47622453689,-4.33
2023/03/02T12:14:16.407215,-91.1014045635,-44.5808915296,1393.0884833999999,46.510572612414,8.476181639841,-4.3
2023/03/02T12:14:38.981304,-87.7503544255,-41.7073274907,1394.8636327,46.510598060699,8.476225792337,-4.52
2023/03/02T12:14:55.896958,-91.4275285546,-44.0363222547,1395.1482965999999,46.510577549096,8.476177484522,-4.25
2023/03/02T12:15:02.686060,-87.4100675564,-40.4840950312,1392.7684547000001,46.510609023398,8.476230436714,-4.53
2023/03/02T12:15:03.803590,-87.0227118707,-42.0277474229,1391.1953736,46.510595092761,8.476235217566,-4.62
2023/03/02T12:15:09.470406,-85.5845804536,-35.2735004835,1397.6077488,46.510655673682,8.476255116153,-4.51
2023/03/02T12:16:23.370006,-87.6519849282,-41.3116099294,1394.1860210000002,46.510601608542,8.476227142191,-4.51
2023/03/02T12:17:05.738659,-84.5793271367,-37.1673704905,1394.0008160999998,46.510638519808,8.476267887054,-4.53
2023/03/02T12:17:54.997602,-90.8357842299,-42.2312386821,1392.4931875,46.510593715648,8.476185505226,-4.38
2023/03/02T12:17:59.972396,-89.7094061403,-43.5711217558,1396.1427856,46.510581528952,8.47619994834,-4.52
2023/03/02T12:18:00.838996,-84.2698949315,-36.3459975924,1395.3208142,46.510645870844,8.476272059645,-4.29
2023/03/02T12:18:25.710956,-84.5876183338,-38.617967332,1392.9672283,46.51062547314,8.47626752931,-4.7
2023/03/02T12:18:32.213058,-86.4882548968,-38.4802648306,1393.9779787,46.510626937613,8.476242791174,-4.21
2023/03/02T12:18:39.931706,-84.460334877,-36.3719358053,1395.3253773000001,46.510645660185,8.476269574104,-4.18
2023/03/02T12:18:49.698856,-88.5918064928,-38.6407591039,1390.6416328999999,46.510625744849,8.476215358819,-4.72
2023/03/02T12:19:35.712502,-84.6327384473,-37.0535726331,1395.7035048,46.510639549415,8.476267210517,-4.38
2023/03/02T12:19:36.008377,-87.3737107036,-40.6710843204,1392.9128025999998,46.51060733711,8.476230878137,-4.55
2023/03/02T12:19:47.240731,-87.8048292366,-38.7317651624,1390.3183321000001,46.510624832729,8.476225596016,-4.17
2023/03/02T12:19:54.251623,-90.0550246397,-44.6873956493,1394.0725223999998,46.510571529784,8.476195253654,-4.88
2023/03/02T12:20:09.369734,-87.665100459,-41.53272515,1394.6105125,46.510599621126,8.476226933156,-4.1
2023/03/02T12:20:10.125634,-86.9003913519,-39.6064601892,1392.5368899999999,46.510616856992,8.476237228056,-3.81
2023/03/02T12:22:49.130704,-84.984261815,-38.3493723162,1392.9861435,46.510627936278,8.476262408068,-4.64
2023/03/02T12:23:46.829319,-90.4675511736,-44.4830993135,1393.7011388,46.51057341653,8.476189914479,-4.11
2023/03/02T12:23:54.307133,-84.6035984643,-36.5366523485,1395.2159084,46.510644195651,8.476267679293,-4.26
2023/03/02T12:24:08.901094,-88.64246536,-42.2084885049,1394.9463182,46.510593658934,8.476214083484,-4.42
2023/03/02T12:24:12.125533,-91.1972176442,-47.1629558455,1400.6044958999998,46.510549397114,8.476179945493,-4.31
2023/03/02T12:24:18.532572,-88.3970962572,-42.4915675262,1395.9032534,46.510591083316,8.476217231245,-4.73
2023/03/02T12:24:46.942738,-86.0834580068,-37.9658540122,1394.2439626,46.510631516447,8.476248153482,-3.51
2023/03/02T12:24:49.635677,-86.2832904183,-38.0027630292,1394.148641,46.510631208244,8.476245543703,-4.26
2023/03/02T12:24:55.161642,-86.1758847018,-37.8682519956,1394.2891455,46.510632405344,8.476246966144,-4.2
2023/03/02T12:28:16.380994,-86.4462187798,-38.6973567619,1389.8537426,46.510624980727,8.476243302137,-4.75
2023/03/02T12:28:31.959988,-88.9025790938,-42.9361992362,1395.8608702,46.510587144062,8.47621056918,-4.11
2023/03/02T12:29:12.818407,-91.1122331712,-44.804194696,1393.461437,46.510570605056,8.476181460234,-4.47
2023/03/02T12:29:22.439123,-90.3640518421,-44.4629423302,1393.7458894000001,46.51057358552,8.476191266342,-4.45
2023/03/02T12:31:53.983614,-87.8357110829,-40.4070769809,1391.9037758,46.510609766958,8.476224904806,-4.25
2023/03/02T12:34:58.644757,-87.6913646609,-40.5455768909,1392.5290787,46.510608503884,8.476226761398,-4.47
2023/03/02T12:49:29.542546,-87.5199038279,-41.4606026683,1395.5669153000001,46.510600252396,8.476228837051,-4.34
2023/03/02T13:04:57.449194,-86.9497466232,-36.9403976873,1396.7340213999998,46.510640842786,8.476237043613,-4.36
2023/03/02T13:19:32.563015,-87.2751655588,-41.3112186671,1395.5246774,46.510601566978,8.476232051266,-4.31
2023/03/02T15:09:16.294769,-91.0665115081,-42.2502895875,1392.1326385,46.510593571801,8.47618249607,-4.41
2023/03/02T18:05:53.251545,-92.530549028,-45.5020460247,1392.9800593,46.510564496786,8.476162862163,-4.46
2023/03/02T18:32:55.356812,-61.883470315,-14.1947899868,1379.9657946,46.510842456937,8.476567532211,-3.73
2023/03/02T21:12:52.814067,-90.1935839606,-43.6508769726,1392.0708281,46.51058086996,8.476193627391,-4.25
