ID,LAT,LON,DEPTH,X,Y,Z,YR,MO,DY,HR,MI,SC,MAG,A,Strike1,Dip1,Rake1,Strike2,Dip2,Rake2,Pazim,Pdip,Tazim,Tdip,Q,Type
KP197603020828,47.568,9.435,13.0,750214,270499,-13000.0,1976,3,2,8,27,57.3,3.5,0,31,90,0,301,90,180,346,0,76,0,2,SS
KP197703051331,46.409,7.392,14.0,596413,139739,-14000.0,1977,3,5,13,31,22.5,4.1,0,351,73,0,260,90,163,307,12,214,12,2,SS
KP197707270750,46.33,7.427,7.0,599103,130956,-7000.0,1977,7,27,7,50,17.5,3.2,0,351,73,0,260,90,163,307,12,214,12,2,SS
KP197711211927,47.282,8.547,27.0,683853,237381,-27000.0,1977,11,21,19,27,40.4,3.4,0,33,80,-5,124,85,-170,349,11,258,4,1,SS
KP197808130402,47.27,7.722,23.0,621444,235494,-23000.0,1978,8,13,4,2,26.0,3.2,0,121,66,-168,26,79,-24,341,25,75,8,1,SS
KP197808281444,47.343,8.91,25.0,711186,244613,-25000.0,1978,8,28,14,44,39.9,3.1,0,9,40,-46,137,62,-120,1,60,249,12,1,ON
KP197907032113,46.93,7.038,28.0,569490,197735,-28000.0,1979,7,3,21,13,10.9,3.8,0,285,86,179,15,89,4,150,2,240,4,1,SS
KP197911300044,47.278,8.517,31.0,681590,236905,-31000.0,1979,11,30,0,44,52.8,3.0,0,296,84,-176,206,86,-6,161,7,251,1,1,SS
KP198007151217_1,47.628,7.518,15.0,605967,275263,-15000.0,1980,7,15,12,17,22.0,4.4,0,125,80,174,216,84,10,350,3,81,11,1,SS
KP198007151254,47.647,7.478,11.0,602959,277373,-11000.0,1980,7,15,12,54,46.0,3.7,0,117,46,-132,349,58,-55,314,60,55,6,1,ON
KP198007161500,47.653,7.503,17.0,604837,278041,-17000.0,1980,7,16,15,0,48.5,4.0,0,201,42,64,54,53,111,129,6,21,72,1,TF
KP198203251845,47.487,7.572,3.0,610052,259591,-3000.0,1982,3,25,18,45,19.1,2.5,0,110,79,-172,18,82,-11,334,13,64,2,1,SS
KP198209031912,47.453,7.865,10.0,632155,255889,-10000.0,1982,9,3,19,12,14.3,2.4,0,97,70,-175,5,85,-20,319,18,53,10,1,SS
KP198210040406,47.674,7.852,23.0,631045,280456,-23000.0,1982,10,4,4,6,31.0,2.9,0,36,74,-6,128,84,-164,353,15,261,7,1,SS
KP198211081302,46.1,6.3,10.0,511949,106029,-10000.0,1982,11,8,13,2,31.9,3.3,0,97,62,-167,1,79,-29,316,28,52,12,1,SS
KP198309042151,47.705,8.811,8.0,703002,284722,-8000.0,1983,9,4,21,51,3.7,2.9,1,159,74,175,250,85,16,24,8,116,15,1,SS
KP198401111411,47.328266,8.809402,8.4,703613,242838,-8400.0,1984,1,11,14,11,57.6,3.2,0,36,76,5,304,85,166,351,6,259,13,1,SS
KP198404101650,47.423037,7.567345,20.193,609713,252478,-20193.0,1984,4,10,16,50,53.4,2.6,0,300,62,-176,208,87,-28,160,22,257,17,1,SS
KP198404120050,47.424411,7.750852,19.643,623559,252670,-19643.0,1984,4,12,0,50,40.7,2.5,0,162,42,-30,275,71,-128,143,49,32,17,1,SS
KP198406160641,47.740014,7.789876,10.472,626347,287774,-10472.0,1984,6,16,6,43,0.5,2.6,0,295,41,-118,150,55,-68,113,70,225,8,1,NF
KP198409050516,47.240288,8.551855,10.968,684286,232749,-10968.0,1984,9,5,5,16,49.4,4.0,0,8,44,-26,117,72,-131,345,46,236,17,1,SS
KP198409142230,47.240838,8.557918,21.4,684744,232817,-21400.0,1984,9,14,22,30,29.6,2.9,0,315,67,-158,216,70,-25,175,31,266,2,1,SS
KP198501041657,46.013059,7.250581,9.974,585433,95741,-9974.0,1985,1,4,16,57,37.5,3.5,1,329,82,-40,65,50,-170,279,33,23,21,1,ON
KP198501070952,47.1459,8.312487,27.765,666281,222027,-27765.0,1985,1,7,9,52,31.6,2.1,0,336,46,-125,201,54,-59,170,65,270,4,1,ON
KP198502282132,47.661933,7.380971,16.551,595670,279034,-16551.0,1985,2,28,21,33,1.1,3.4,0,292,49,-169,195,82,-41,145,34,250,21,1,SS
KP198507070008,47.002461,7.772699,39.492,625407,205766,-39492.0,1985,7,7,0,8,57.4,2.5,0,124,80,169,216,79,10,170,1,80,15,1,SS
KP198509151818,47.935959,7.722093,3.702,621184,309543,-3702.0,1985,9,15,18,18,36.9,2.5,0,180,44,-33,295,68,-129,160,51,52,14,1,ON
KP198509292335,46.928173,8.313597,-0.64,666635,197824,640.0,1985,9,29,23,36,2.8,2.5,0,39,26,122,184,68,75,285,22,70,64,1,OT
KP198512211719,46.873299,8.318929,1.89,667109,191729,-1890.0,1985,12,21,17,19,22.1,2.9,0,320,46,-63,104,50,-115,307,71,211,2,1,NF
KP198601190654,46.202602,7.632856,1.263,614991,116812,-1263.0,1986,1,19,6,54,36.2,2.9,0,110,40,-80,277,51,-98,143,82,13,5,1,NF
KP198601200348,47.908658,7.768304,22.322,624650,306520,-22322.0,1986,1,20,3,48,20.8,1.9,0,200,40,-48,330,61,-119,193,62,81,12,1,ON
KP198601281149,46.437805,7.868667,7.836,633049,143031,-7836.0,1986,1,28,11,49,48.3,3.5,0,162,50,-33,275,65,-135,136,49,35,9,2,ON
KP198602150142,46.086106,7.632929,0.34,615028,103862,-340.0,1986,2,15,1,43,6.6,3.8,0,27,70,170,120,80,20,252,7,345,21,1,SS
KP198602261306,46.05774,7.335618,4.819,592026,100696,-4819.0,1986,2,26,13,7,17.3,1.9,0,249,51,-133,125,55,-50,94,58,188,2,1,ON
KP198602271206,47.670592,8.965842,17.316,714696,281111,-17316.0,1986,2,27,12,7,6.7,4.1,0,304,38,-138,179,65,-60,131,58,247,15,1,ON
KP198610072223,47.852219,7.95166,18.526,638400,300317,-18526.0,1986,10,7,22,23,37.2,2.3,0,297,42,-114,148,52,-70,116,74,224,5,1,NF
KP198610080311,47.257973,8.543488,24.261,683625,234706,-24261.0,1986,10,8,3,12,7.7,2.0,0,315,66,-160,217,72,-25,174,30,267,4,1,SS
KP198610091008,46.338976,7.459564,6.973,601611,131954,-6973.0,1986,10,9,10,8,53.6,3.1,0,79,61,167,175,79,30,304,12,41,28,1,SS
KP198611010401,47.568937,7.776056,14.587,625392,268747,-14587.0,1986,11,1,4,1,9.1,1.2,0,296,81,-174,205,84,-9,160,11,251,2,1,SS
KP198701081923,47.246156,7.596649,6.05,611963,232816,-6050.0,1987,1,8,19,24,20.5,2.6,1,298,62,-174,205,85,-28,158,23,255,16,1,SS
KP198701290006,47.426704,9.288624,5.393,739573,254523,-5393.0,1987,1,29,0,7,0.5,3.2,0,10,45,-54,144,55,-121,357,65,255,6,1,ON
KP198703220136,46.222884,7.920284,6.994,637162,119162,-6994.0,1987,3,22,1,36,46.8,2.1,0,311,51,-47,75,55,-130,286,58,192,2,1,ON
KP198704110314,47.421946,7.872952,7.463,632774,252439,-7463.0,1987,4,11,3,14,39.8,3.3,1,190,76,-11,282,79,-166,146,18,56,2,1,SS
KP198704292041,46.49553,9.82714,2.323,783341,152148,-2323.0,1987,4,29,20,41,47.2,2.7,0,353,67,-12,88,79,-156,312,24,219,8,1,SS
KP198705052028,47.218891,8.564281,24.927,685261,230384,-24927.0,1987,5,5,20,29,3.3,2.3,0,304,75,-170,211,80,-15,167,18,258,4,1,SS
KP198705301945,45.92463,7.919366,3.924,637294,86007,-3924.0,1987,5,30,19,45,19.2,1.9,0,135,50,-10,231,82,-140,101,33,357,21,1,SS
KP198707180858,47.668012,7.46334,18.502,601857,279709,-18502.0,1987,7,18,8,59,7.7,2.8,0,299,80,177,30,87,10,164,5,255,9,1,SS
KP198707261056,46.904125,9.125262,1.879,728499,196160,-1879.0,1987,7,26,10,56,50.3,2.4,1,90,72,144,193,56,22,145,10,47,38,1,OT
KP198709201153,46.768473,7.212604,1.972,582735,179725,-1972.0,1987,9,20,11,53,57.6,3.9,1,7,84,2,277,88,174,322,3,232,6,1,SS
KP198710282348,47.088508,9.187741,4.299,732801,216757,-4299.0,1987,10,28,23,49,0.5,4.2,0,178,70,13,84,78,160,132,5,40,23,1,SS
KP198711011015,47.213048,9.616196,0.714,764939,231412,-714.0,1987,11,1,10,16,18.5,2.6,0,295,78,-169,203,79,-12,159,16,249,1,1,SS
KP198711052206,46.419329,8.104514,11.701,651192,141103,-11701.0,1987,11,5,22,6,58.7,3.5,0,249,84,-174,158,84,-6,114,8,204,0,1,SS
KP198711211401,47.700937,7.447664,12.895,600679,283370,-12895.0,1987,11,21,14,1,12.7,2.9,0,209,38,64,61,56,109,138,9,18,72,1,TF
KP198712110225,47.294366,7.161703,7.001,579054,238202,-7001.0,1987,12,11,2,25,58.0,3.7,0,274,70,168,8,79,20,140,6,232,22,1,SS
KP198712160935,47.511252,7.661571,9.603,616795,262302,-9603.0,1987,12,16,9,36,0.9,2.8,1,6,86,36,273,54,175,134,21,236,28,1,OT
KP198712311516,47.513448,7.660087,11.587,616683,262546,-11587.0,1987,12,31,15,16,11.1,1.2,0,53,40,14,312,81,129,13,26,258,41,1,SS
KP198803232111,47.67514,7.447988,18.692,600704,280501,-18692.0,1988,3,23,21,11,37.2,2.0,0,7,30,-13,108,84,-119,350,44,222,33,1,SS
KP198804161404,47.424167,7.890705,8.66,634112,252694,-8660.0,1988,4,16,14,5,11.6,1.7,1,310,63,-108,165,32,-59,187,67,53,16,1,NF
KP198804170340,46.784266,9.474756,6.127,755466,183472,-6127.0,1988,4,17,3,41,8.6,2.1,0,327,43,-59,108,54,-115,321,69,216,6,1,ON
KP198805111112,47.512391,7.662202,9.871,616842,262429,-9871.0,1988,5,11,11,12,9.3,2.4,0,199,75,-16,293,75,-164,156,22,66,0,1,SS
KP198805232155,46.735114,9.644366,7.887,768566,178360,-7887.0,1988,5,23,21,56,7.0,2.1,0,345,47,-54,118,54,-122,328,64,230,4,1,ON
KP198806112244,45.918988,6.785701,17.087,549339,85477,-17087.0,1988,6,11,22,44,45.5,3.7,0,34,50,-174,300,85,-40,249,31,354,23,1,SS
KP198808260030,47.804633,7.67442,19.886,617665,294927,-19886.0,1988,8,26,0,30,34.2,3.1,0,307,30,-118,158,64,-75,97,67,237,18,1,NF
KP198809112301,47.12601,8.390906,30.955,672255,219885,-30955.0,1988,9,11,23,1,54.5,2.5,0,298,74,180,28,90,16,162,11,254,11,1,SS
KP198810141902,46.704795,6.87449,0.322,556857,172776,-322.0,1988,10,14,19,2,30.5,3.4,1,350,69,20,253,71,158,302,2,211,29,1,SS
KP198810181119,47.747597,7.634294,4.542,614675,288576,-4542.0,1988,10,18,11,19,59.2,1.9,0,272,73,170,5,80,17,138,5,229,19,1,SS
KP198810272052,47.487608,7.739461,12.725,622673,259693,-12725.0,1988,10,27,20,52,15.2,1.6,0,275,77,-177,184,87,-13,139,11,230,7,1,SS
KP198811202043,47.710055,7.525237,22.038,606501,284387,-22038.0,1988,11,20,20,43,14.6,1.9,0,263,68,-177,172,87,-22,125,17,220,13,1,SS
KP198901070229,46.353192,7.515599,6.53,605924,133537,-6530.0,1989,1,7,2,29,41.5,3.6,0,57,68,170,151,81,22,282,9,16,22,1,SS
KP198902212336,47.521335,8.864674,22.029,707401,264375,-22029.0,1989,2,21,23,36,50.2,3.4,0,273,62,-165,176,77,-29,131,30,227,10,1,SS
KP198903181425,47.909477,7.703124,14.162,619777,306593,-14162.0,1989,3,18,14,26,0.8,2.7,0,184,27,7,88,87,117,154,36,23,42,1,SS
KP198904020658,47.138259,9.102805,7.128,726236,222147,-7128.0,1989,4,2,6,58,59.5,3.2,0,31,43,87,215,47,93,303,2,168,87,1,TF
KP198904300337,47.277301,6.710679,18.353,544922,236524,-18353.0,1989,4,30,3,38,1.6,2.9,0,115,61,-156,13,69,-31,332,36,66,5,1,SS
KP198905051744,47.549894,7.600911,10.826,612217,266588,-10826.0,1989,5,5,17,44,4.9,1.3,0,312,79,-170,220,80,-11,176,15,266,1,1,SS
KP198906090130,47.468154,8.333778,16.823,667487,257871,-16823.0,1989,6,9,1,30,39.7,1.3,0,142,42,-105,342,50,-77,311,79,63,4,1,NF
KP198908121418,47.759618,7.722704,20.839,621301,289933,-20839.0,1989,8,12,14,19,8.9,1.6,0,275,35,-120,130,60,-71,80,69,206,13,1,NF
KP198909300440,46.330012,7.385489,7.617,595907,130959,-7617.0,1989,9,30,4,41,2.2,4.1,1,110,90,140,200,50,0,163,27,57,27,1,OT
KP198910241203,47.343094,8.586155,7.668,686716,244216,-7668.0,1989,10,24,12,3,25.6,2.1,0,314,30,-166,212,83,-61,150,44,278,32,1,SS
KP198911192120,46.859044,8.410768,8.887,674130,190227,-8887.0,1989,11,19,21,20,58.5,2.4,0,196,45,8,100,84,135,157,25,47,35,2,SS
KP199001050420,47.403691,9.110625,4.83,726200,251663,-4830.0,1990,1,5,4,21,10.0,2.9,1,126,78,-160,32,70,-13,350,23,258,5,1,SS
KP199002141555,46.27771,6.70757,7.847,543649,125407,-7847.0,1990,2,14,15,55,54.2,4.2,0,75,65,175,167,85,25,298,14,34,21,1,SS
KP199003180954,46.822628,9.853776,4.731,784266,188556,-4731.0,1990,3,18,9,54,30.4,3.5,0,326,38,-38,88,68,-121,317,56,201,17,1,ON
KP199004282224,46.344928,7.514351,3.955,605828,132618,-3955.0,1990,4,28,22,24,56.8,2.2,0,266,46,-145,150,65,-50,108,52,212,11,1,ON
KP199005071606,46.329073,7.396483,7.699,596753,130854,-7699.0,1990,5,7,16,6,35.7,1.6,0,175,45,-31,288,69,-131,153,49,46,14,1,ON
KP199005110629,47.80314,7.928948,21.109,636734,294849,-21109.0,1990,5,11,6,29,56.7,2.4,0,58,14,56,273,78,98,356,33,193,56,1,OT
KP199005110816,46.222613,7.750609,1.565,624071,119066,-1565.0,1990,5,11,8,16,22.7,2.1,0,263,40,-116,115,55,-70,76,72,191,8,1,NF
KP199006031923,46.297553,7.281885,0.623,587921,127361,-623.0,1990,6,3,19,23,54.5,2.2,0,100,60,-151,354,65,-34,315,41,48,3,1,SS
KP199006162241,47.563153,7.608313,19.056,612771,268063,-19056.0,1990,6,16,22,41,44.1,2.4,0,293,80,177,24,87,10,158,5,249,9,1,SS
KP199006201059,47.851756,7.699222,15.894,619506,300173,-15894.0,1990,6,20,10,59,31.8,2.3,0,31,35,145,151,71,60,263,20,24,54,1,OT
KP199007251438,47.509383,7.657935,10.204,616522,262094,-10204.0,1990,7,25,14,38,34.4,2.0,1,180,86,-32,272,58,-176,131,25,231,19,1,ON
KP199007261229,46.33447,7.38704,6.963,596027,131454,-6963.0,1990,7,26,12,30,14.5,2.4,1,285,80,-140,187,51,-13,154,35,50,19,1,ON
KP199007311913,47.648747,7.756428,21.847,623879,277615,-21847.0,1990,7,31,19,13,13.6,1.7,0,318,21,-109,158,70,-83,80,64,243,25,1,NF
KP199008110531,47.268687,7.995175,13.751,642117,235458,-13751.0,1990,8,11,5,31,47.2,2.8,0,11,90,0,281,90,180,326,0,236,0,1,SS
KP199008161839,47.511867,7.588947,11.645,611324,262358,-11645.0,1990,8,16,18,39,17.2,2.1,0,282,61,-167,186,79,-30,140,29,237,12,1,SS
KP199008311056,46.28136,7.450964,7.781,600950,125549,-7781.0,1990,8,31,10,57,6.3,2.0,2,181,53,25,75,70,140,132,11,32,42,1,SS
KP199009250518,46.179976,7.625646,4.672,614440,114296,-4672.0,1990,9,25,5,19,1.6,3.9,0,70,50,-130,303,54,-52,273,60,7,2,1,ON
KP199011081938,47.513739,7.685932,11.016,618629,262584,-11016.0,1990,11,8,19,38,47.4,2.0,0,282,50,-141,164,61,-47,127,53,225,6,1,ON
KP199011221550,46.903695,8.994218,2.188,718517,195906,-2188.0,1990,11,22,15,51,19.7,3.7,0,341,60,6,248,85,150,298,17,200,24,1,SS
KP199011280137,47.52856,7.826829,19.235,629235,264275,-19235.0,1990,11,28,1,38,10.5,2.0,0,319,48,-130,190,55,-55,159,61,256,4,1,ON
KP199012110910,47.853,7.941,13.0,637602,300399,-13000.0,1990,12,11,9,10,23.0,1.5,0,92,35,-132,320,65,-65,269,62,32,16,1,ON
KP199012172334,46.224483,7.632768,5.776,614978,119245,-5776.0,1990,12,17,23,34,45.9,1.7,0,319,42,-49,90,60,-120,310,62,201,10,1,ON
KP199101010729,47.831279,7.651065,0.321,615908,297885,-321.0,1991,1,1,7,29,4.4,1.8,0,68,63,-176,336,87,-27,288,21,25,16,1,SS
KP199105200013,47.664,7.823,17.0,628873,279333,-17000.0,1991,5,20,0,13,46.0,1.5,0,105,73,-170,12,80,-17,328,19,59,5,1,SS
KP199106041716,47.545144,7.594309,7.616,611721,266058,-7616.0,1991,6,4,17,17,9.5,1.6,0,360,56,24,256,70,144,311,9,213,39,1,SS
KP199108250006,47.674537,7.293026,-0.34,589066,280445,340.0,1991,8,25,0,6,40.7,2.6,0,292,76,-172,200,82,-14,155,16,247,4,1,SS
KP199109071808,46.220845,7.933845,10.06,638210,118942,-10060.0,1991,9,7,18,9,21.3,2.4,0,135,55,-19,236,74,-144,101,37,2,12,1,SS
KP199111050913,47.590877,7.678398,17.773,618036,271159,-17773.0,1991,11,5,9,13,6.3,2.1,0,334,43,-122,194,55,-64,160,68,266,7,1,ON
KP199111121910,47.679,7.475,12.0,602732,280931,-12000.0,1991,11,12,19,10,52.0,1.8,0,175,59,-22,277,71,-147,139,36,44,8,1,SS
KP199111200154,46.734093,9.526211,7.866,759542,177999,-7866.0,1991,11,20,1,54,17.3,5.0,1,294,37,-72,92,55,-103,321,76,191,9,1,NF
KP199203250533,47.504376,7.631437,9.635,614527,261532,-9635.0,1992,3,25,5,33,17.5,2.4,0,278,65,-160,179,72,-26,137,31,230,5,1,SS
KP199205080644,47.15373,9.516391,0.085,757556,224615,-85.0,1992,5,8,6,44,39.9,4.7,0,102,63,-160,3,72,-28,321,32,54,6,2,SS
KP199212302133,47.712668,8.379978,24.445,670644,285097,-24445.0,1992,12,30,21,34,12.2,3.9,0,181,71,3,90,87,161,137,11,44,15,1,SS
KP199408280604,46.87915,8.760253,2.023,700740,192851,-2023.0000000000002,1994,8,28,6,4,45.2,3.9,0,68,56,156,172,70,36,297,9,34,39,1,SS
KP199412140855,45.99885,6.433031,11.532,522091,94644,-11532.0,1994,12,14,8,55,59.6,4.5,1,220,70,130,332,44,29,282,15,173,49,1,OT
KP199501101126,47.734722,7.742726,16.588,622813,287171,-16588.0,1995,1,10,11,26,14.1,2.7,0,336,36,-108,178,56,-77,126,75,259,10,1,NF
KP199506251853,47.59329,8.877809,10.618,708243,272392,-10618.0,1995,6,25,18,53,7.1,3.6,0,167,58,-90,347,32,-90,77,77,257,13,1,NF
KP199509171629,46.791255,7.210103,5.388,582551,182258,-5388.0,1995,9,17,16,29,24.8,3.6,1,175,88,3,85,87,178,310,1,40,4,1,SS
KP199511160557,47.051787,8.789557,0.333,702643,212078,-333.0,1995,11,16,5,57,21.0,4.0,0,16,45,0,286,90,135,341,30,231,30,1,SS
KP199602211857,46.373513,7.574303,6.068,610438,135802,-6068.0,1996,2,21,18,57,28.2,3.2,1,242,87,-178,152,88,-3,107,4,197,1,1,SS
KP199603310607,45.915966,7.470263,-2.303,602453,84930,2303.0,1996,3,31,6,8,1.2,4.2,0,44,38,-137,278,65,-60,231,59,347,15,1,ON
KP199604240936,47.547608,7.604795,12.101,612510,266334,-12101.0,1996,4,24,9,36,56.9,2.8,0,292,55,174,25,85,35,153,20,254,28,1,SS
KP199606150105,47.591998,7.623888,23.375,613935,271273,-23375.0,1996,6,15,1,5,53.7,2.4,0,314,73,165,48,76,17,180,2,271,23,1,SS
KP199606280342,47.75221,8.765765,7.134,699518,289912,-7134.0,1996,6,28,3,43,10.6,3.0,1,289,78,-172,197,82,-12,153,14,244,3,1,SS
KP199607150013,45.935,6.092,3.0,495550,87944,-3000.0,1996,7,15,0,13,30.4,5.1,1,316,70,-10,49,81,-160,274,21,181,7,1,SS
KP199608240238,47.423768,9.039998,24.999,720825,253784,-24999.0,1996,8,24,2,38,22.8,3.9,0,184,42,-63,330,53,-112,183,72,75,6,1,NF
KP199612070534,46.901234,8.423463,0.839,675039,194929,-839.0,1996,12,7,5,34,28.6,2.7,1,172,74,36,70,56,160,297,11,36,37,1,OT
KP199612150448,47.330138,7.900243,16.651,634893,242244,-16651.0,1996,12,15,4,49,8.8,3.0,0,313,50,-141,195,61,-47,158,53,256,6,1,ON
KP199612251239,46.214835,7.201406,7.761,581692,118182,-7761.0,1996,12,25,12,39,25.4,3.1,0,252,80,-170,160,80,-10,116,14,206,0,1,SS
KP199702210504,47.423919,7.871511,7.733,632664,252658,-7733.0,1997,2,21,5,4,26.9,1.7,1,316,55,-114,174,42,-60,171,69,63,7,1,NF
KP199709020030,47.593793,7.853746,24.237,631223,271538,-24237.0,1997,9,2,0,30,53.4,2.6,0,128,53,-90,308,37,-90,38,82,218,8,1,NF
KP199710231206,47.173989,8.61278,25.922,689009,225447,-25922.0,1997,10,23,12,7,2.0,3.2,0,221,65,-2,312,88,-155,179,19,84,16,1,SS
KP199711220455,47.126582,9.206666,-0.413,734142,221021,413.0,1997,11,22,4,56,10.0,3.8,0,256,28,83,84,62,94,171,17,4,73,2,TF
KP199711280830,46.444309,7.890092,8.747,634691,143763,-8747.0,1997,11,28,8,30,20.6,2.9,0,250,60,-150,144,64,-34,105,41,198,3,2,ON
KP199804210230,47.163761,9.327698,7.834,743224,225368,-7834.0,1998,4,21,2,30,56.0,3.6,0,209,78,6,118,84,168,164,4,73,13,1,SS
KP199805071716,46.135828,7.374635,3.969,595053,109373,-3969.0,1998,5,7,17,16,43.2,3.3,0,92,55,-90,272,35,-90,2,80,182,10,1,NF
KP199812092207,46.19172,7.543955,2.099,608130,115590,-2099.0,1998,12,9,22,8,14.9,3.5,0,256,28,-80,65,62,-95,323,72,159,17,1,NF
KP199902140557,46.80354,7.225758,4.571,583750,183620,-4571.0,1999,2,14,5,57,54.0,4.2,1,354,88,9,264,81,178,129,5,219,8,1,SS
KP199905201311,46.656361,7.315468,6.942,590572,167244,-6942.0,1999,5,20,13,11,35.8,3.8,0,300,42,-82,109,49,-97,326,84,204,3,1,NF
KP199907132046,47.503282,7.689579,18.174,618908,261422,-18174.0,1999,7,13,20,47,1.6,2.8,0,215,70,-5,307,85,-160,173,17,79,11,1,SS
KP199909121325,47.573401,8.540272,1.674,682890,269770,-1674.0,1999,9,12,13,25,22.5,3.2,0,151,80,175,242,85,10,16,3,107,11,1,SS
KP199912290929,46.14195,6.904122,4.23,558696,110193,-4230.0,1999,12,29,9,29,30.1,3.3,0,111,34,-105,309,57,-80,249,76,32,11,1,NF
KP199912292042,46.560118,10.308062,4.085,819979,160560,-4085.0,1999,12,29,20,42,35.4,5.1,0,330,25,-94,155,65,-88,69,70,243,20,2,NF
KP200002222245,46.873756,10.00566,1.649,795664,194604,-1649.0,2000,2,22,22,45,33.6,3.4,0,174,68,-10,268,81,-158,133,22,39,9,1,SS
KP200002230406,47.067314,9.522741,7.907,758293,215024,-7907.0,2000,2,23,4,7,7.5,3.7,1,183,56,18,83,75,145,137,12,38,35,1,SS
KP200003041543,47.23341,9.485759,1.647,755003,233409,-1647.0,2000,3,4,15,43,19.9,3.6,0,235,20,90,55,70,90,145,25,325,65,1,TF
KP200004060043,47.352369,7.181303,0.338,580557,244645,-338.0,2000,4,6,0,43,19.2,3.2,0,262,32,92,80,58,89,170,13,346,77,2,TF
KP200004061740,46.551733,10.376873,9.013,825287,159824,-9013.0,2000,4,6,17,40,37.2,4.3,0,169,67,-90,348,23,-91,80,68,259,22,9,NF
KP200006031514,47.219392,10.125749,4.03,803497,233314,-4030.0000000000005,2000,6,3,15,14,10.9,3.9,0,23,57,-12,120,80,-146,347,31,247,15,1,SS
KP200006200618,47.46342,7.782871,16.247,625956,257017,-16247.0,2000,6,20,6,18,49.2,3.0,0,111,35,-118,324,60,-72,273,70,41,13,1,NF
KP200008170713,46.973068,8.469812,7.414,678465,202959,-7414.0,2000,8,17,7,14,7.7,3.0,0,280,80,172,11,82,10,145,1,235,13,1,SS
KP200008190837,46.039003,6.662358,2.344,539901,98906,-2344.0,2000,8,19,8,37,24.6,3.3,1,90,83,-170,359,80,-7,315,12,224,2,1,SS
KP200011131630,47.218775,7.551246,7.194,608530,229766,-7194.0,2000,11,13,16,30,40.2,3.4,0,90,75,-178,359,88,-15,313,12,45,9,1,SS
KP200102232219,46.13794,7.027224,4.699,568206,109690,-4699.0,2001,2,23,22,19,42.0,3.6,2,129,52,-9,224,83,-142,93,31,350,20,1,SS
KP200103141037,47.356064,9.584686,27.01,762118,247241,-27010.0,2001,3,14,10,37,19.1,2.9,0,10,76,-10,102,80,-166,327,17,236,3,1,SS
KP200103170029,46.926449,8.998444,2.919,718789,198442,-2919.0,2001,3,17,0,30,0.4,3.8,0,82,80,175,173,85,10,307,3,38,11,1,SS
KP200104060222,45.87,9.234,22.0,739412,81414,-22000.0,2001,4,6,2,22,52.6,3.8,0,320,50,126,91,52,55,205,1,297,63,2,OT
KP200104120706,47.613524,7.531974,7.419,607019,273654,-7419.0,2001,4,12,7,6,43.1,2.9,0,123,40,-130,351,61,-62,308,63,61,11,1,ON
KP200107092249,46.176896,7.609391,6.223,613186,113951,-6223.0,2001,7,9,22,50,2.7,3.2,0,276,42,-72,72,50,-106,283,77,173,4,2,NF
KP200107171506,46.666,11.094,10.0,879644,174825,-10000.0,2001,7,17,15,6,14.5,5.0,0,118,89,175,208,85,1,163,3,73,4,9,SS
KP200110010636,46.560781,10.349338,5.187,823139,160751,-5187.0,2001,10,1,6,36,22.5,4.2,0,146,59,-72,293,36,-117,96,70,223,12,9,NF
KP200201101927,47.580999,9.067,23.344,722499,271304,-23344.0,2002,1,10,19,27,26.0,3.1,0,312,68,-158,213,70,-24,172,31,263,1,1,SS
KP200204291513,46.099743,8.475233,21.713,680160,105889,-21713.0,2002,4,29,15,14,9.6,3.8,0,170,68,-31,273,61,-154,129,37,223,4,2,ON
KP200205311649,46.317468,7.350275,4.135,593193,129567,-4135.0,2002,5,31,16,50,33.7,3.5,0,46,24,-94,231,66,-88,145,69,319,21,1,NF
KP200212092241,45.967437,7.934093,8.995,638407,90772,-8995.0,2002,12,9,22,41,55.7,2.7,1,318,76,-20,53,71,-165,275,24,6,4,1,SS
KP200302042049,46.058995,7.770226,6.739,625661,100884,-6739.0,2003,2,4,20,49,41.2,3.3,0,91,40,-106,292,52,-77,252,78,13,6,1,NF
KP200303221336,48.269254,8.994728,8.458,715545,347717,-8458.0,2003,3,22,13,36,15.1,4.4,0,290,79,172,22,82,11,156,2,246,13,9,SS
KP200304290454,46.338523,7.570554,8.539,610156,131912,-8539.0,2003,4,29,4,55,9.4,3.9,0,67,48,138,188,60,50,305,7,45,55,1,OT
KP200305062159,46.913174,8.905786,3.26,711761,196830,-3260.0,2003,5,6,21,59,43.8,4.0,0,264,74,-169,171,79,-16,127,19,218,3,1,SS
KP200307170226,46.729849,9.827686,4.687,782590,178185,-4687.0,2003,7,17,2,27,17.3,3.6,0,100,43,-144,342,66,-53,297,53,46,14,9,ON
KP200307181101,46.733513,9.829724,5.488,782733,178597,-5488.0,2003,7,18,11,1,36.1,3.9,0,105,44,-127,331,56,-60,296,64,40,7,1,ON
KP200308010320,46.730819,9.832379,5.488,782945,178304,-5488.0,2003,8,1,3,20,23.7,3.9,0,99,43,-146,342,67,-52,297,52,46,14,9,ON
KP200308220921,46.315824,7.320047,3.71,590865,129387,-3710.0,2003,8,22,9,21,32.5,3.9,0,151,54,-27,258,68,-141,120,43,22,8,1,SS
KP200308220929,46.316896,7.315968,3.939,590551,129507,-3939.0,2003,8,22,9,30,9.6,3.6,0,148,58,-2,239,88,-148,108,23,9,20,9,SS
KP200308310538,47.53234,7.893641,17.202,634264,264722,-17202.0,2003,8,31,5,38,58.0,2.9,0,292,82,-172,201,82,-8,156,11,246,0,1,SS
KP200310010730,47.226284,9.201183,7.787,733477,232094,-7787.0,2003,10,1,7,31,5.4,3.0,0,102,78,-172,10,82,-12,326,14,57,3,1,SS
KP200402181431,46.601806,6.981338,2.064,564961,161274,-2064.0,2004,2,18,14,31,58.4,3.3,0,70,60,-155,327,69,-32,286,38,20,5,1,SS
KP200402231731,47.271321,6.280863,14.896,512393,236250,-14896.0,2004,2,23,17,31,21.3,4.8,0,47,47,24,300,73,134,359,16,253,44,1,SS
KP200404151514,47.518973,8.733819,10.809,697551,263941,-10809.0,2004,4,15,15,14,58.7,2.7,0,203,70,-7,295,83,-160,161,19,68,9,1,SS
KP200404180320,47.63192,9.66223,28.846,767106,278063,-28846.0,2004,4,18,3,21,5.8,3.0,0,215,90,0,125,90,180,170,0,80,0,1,SS
KP200404180823,47.682083,8.906548,20.959,710220,282304,-20959.0,2004,4,18,8,23,35.2,2.6,0,116,56,-139,360,57,-42,327,51,58,1,1,ON
KP200405300945,46.290841,7.183645,7.72,580349,126635,-7720.0,2004,5,30,9,46,17.8,2.9,1,347,89,-1,77,89,-179,302,1,32,0,2,SS
KP200406120444,45.72109,6.921041,4.823,559694,63399,-4823.0,2004,6,12,4,44,34.1,3.3,0,104,80,-6,195,84,-170,60,11,329,3,2,SS
KP200406212309,47.497788,7.703588,20.533,619965,260815,-20533.0,2004,6,21,23,10,2.5,3.8,0,182,53,-41,300,58,-135,154,53,60,3,1,ON
KP200406282342,47.516879,8.170351,18.973,655116,263161,-18973.0,2004,6,28,23,42,30.3,4.0,0,202,48,-12,300,81,-137,170,36,64,21,1,SS
KP200411081152,47.708589,8.524159,21.95,681469,284784,-21950.0,2004,11,8,11,52,41.0,2.8,0,298,70,-170,205,81,-20,160,21,253,7,1,SS
KP200411242259,45.562,10.625,10.0,848771,50632,-10000.0,2004,11,24,22,59,36.5,5.3,0,58,58,90,237,32,89,148,13,330,77,9,TF
KP200412050152,48.090875,8.033642,12.457,644335,326900,-12457.0,2004,12,5,1,52,39.0,5.1,0,108,80,-169,16,79,-10,332,15,242,1,9,SS
KP200505120137,47.265493,7.65689,24.172,616518,234977,-24172.0,2005,5,12,1,38,5.8,4.1,0,98,63,172,192,83,27,322,13,58,24,1,SS
KP200505271722,47.057586,9.517038,6.708,757888,213931,-6708.0,2005,5,27,17,22,45.1,2.9,0,189,75,19,94,72,164,321,2,52,24,2,SS
KP200509081126,46.034979,6.875405,6.685,556391,98317,-6685.0,2005,9,8,11,27,17.8,4.9,1,60,65,-179,330,89,-25,282,18,18,17,1,SS
KP200511121930,47.517023,8.169505,18.641,655052,263176,-18641.0,2005,11,12,19,31,16.6,4.1,0,206,48,-34,320,65,-133,182,50,79,10,1,ON
KP200603290949,46.912817,6.859702,1.786,555897,195909,-1786.0,2006,3,29,9,49,46.6,3.2,0,355,86,-2,85,88,-176,310,4,220,1,1,SS
KP200604122224,46.607688,10.262753,3.285,816317,165719,-3285.0,2006,4,12,22,24,53.1,3.5,0,293,32,-130,158,66,-68,103,62,232,18,1,ON
KP200612081648,47.58796,7.595806,5.516,611824,270819,-5516.0,2006,12,8,16,48,39.1,3.4,1,105,77,-165,12,75,-13,329,20,238,2,1,SS
KP200701060719,47.586542,7.598792,4.995,612049,270662,-4995.0,2007,1,6,7,19,52.2,3.1,0,91,79,-176,360,86,-11,315,11,46,5,1,SS
KP200707120009,46.942567,8.769574,0.489,701330,199912,-489.0,2007,7,12,0,9,33.1,3.0,0,76,82,-178,346,88,-8,301,7,31,4,1,SS
KP200801211640,46.771455,9.456504,7.174,754109,182012,-7174.0,2008,1,21,16,40,35.9,4.0,1,87,81,-127,345,38,-15,322,42,205,27,1,ON
KP200802171241,45.917439,7.14509,1.814,577222,85136,-1814.0,2008,2,17,12,41,31.5,3.6,0,2,46,169,100,82,45,223,23,331,36,2,SS
KP200804170107,46.670529,10.107403,6.845,804184,172284,-6845.0,2008,4,17,1,7,36.9,3.2,0,135,65,-83,299,26,-105,59,69,220,20,1,NF
KP200807140351,45.655035,10.504967,5.693,839000,60593,-5693.0,2008,7,14,3,51,41.1,3.6,0,69,74,94,234,17,76,156,29,345,61,9,TF
KP200811090722,46.80509,9.203158,6.603,734680,185284,-6603.0,2008,11,9,7,22,31.7,3.7,0,163,58,-1,254,89,-148,123,23,24,21,1,SS
KP200812130602,46.512688,10.074357,1.41,802247,154662,-1410.0,2008,12,13,6,2,24.4,3.2,1,169,80,-3,260,87,-170,125,9,34,5,1,SS
KP200901041530,47.186176,9.374047,3.762,746676,227945,-3762.0,2009,1,4,15,30,30.3,4.1,0,99,54,155,204,70,39,328,10,67,41,1,SS
KP200901170709,47.153612,9.536746,3.561,759100,224643,-3561.0,2009,1,17,7,9,58.0,3.0,1,329,66,-72,110,30,-125,270,64,45,19,1,NF
KP200905050139,47.670313,7.752153,10.351,623548,280011,-10351.0,2009,5,5,1,39,25.4,4.2,0,104,76,172,196,82,14,329,4,61,16,1,SS
KP200909110634,46.538285,9.700345,8.902,773474,156610,-8902.0,2009,9,11,6,34,38.7,3.6,1,104,53,-115,322,44,-61,315,70,211,5,1,NF
KP200910211610,46.136384,6.725492,3.58,544887,109684,-3580.0,2009,10,21,16,10,58.8,3.1,0,58,58,162,158,75,33,285,11,22,34,1,SS
KP201005150509,46.157654,7.717738,6.647,621560,111835,-6647.0,2010,5,15,5,9,44.2,3.4,0,320,40,-48,90,61,-119,314,62,201,12,1,ON
KP201006071319,46.421025,8.581502,7.727,687857,141714,-7727.0,2010,6,7,13,19,27.6,2.7,0,73,55,-135,313,55,-45,283,55,193,0,2,ON
KP201010252000,47.259277,9.563824,3.017,760834,236441,-3017.0,2010,10,25,20,0,31.1,3.0,0,250,60,108,37,35,62,327,13,198,69,1,TF
KP201101082048,46.307798,7.506309,4.861,605213,128490,-4861.0,2011,1,8,20,48,17.6,3.3,1,278,78,-133,175,44,-17,148,41,39,21,1,ON
KP201101082220,46.307649,7.50534,4.765,605138,128474,-4765.0,2011,1,8,22,20,26.6,3.2,1,268,85,-141,174,51,-6,138,30,34,22,1,ON
KP201101270124,47.499726,9.852825,27.948,781877,263795,-27948.0,2011,1,27,1,24,18.6,3.3,0,37,89,3,307,87,179,172,1,262,3,1,SS
KP201104211136,46.723928,8.010832,6.202,643743,174907,-6202.0,2011,4,21,11,36,38.7,2.9,0,352,61,41,239,55,144,114,4,208,48,1,OT
KP201110290413,45.729938,10.874479,14.259,867419,70107,-14259.0,2011,10,29,4,13,34.6,4.2,0,56,66,57,294,40,140,170,14,282,56,9,OT
KP201112030832,46.67326,9.970589,8.252,793711,172240,-8252.0,2011,12,3,8,32,52.1,2.8,0,291,42,-120,149,55,-66,114,69,222,7,1,NF
KP201112270628,47.330863,7.316581,11.423,590775,242230,-11423.0,2011,12,27,6,29,2.0,3.1,0,94,70,150,195,62,23,146,5,52,35,1,OT
KP201201020142,46.698517,9.747351,4.277,776554,174520,-4277.0,2012,1,2,1,42,57.7,3.5,1,130,37,-103,327,54,-80,274,78,50,8,1,NF
KP201201242354,45.516,10.887,2.0,869439,46388,-2000.0,2012,1,24,23,54,45.5,4.4,0,113,64,-180,23,90,-26,335,18,71,18,9,SS
KP201202112245,47.144314,8.547981,27.498,684144,222076,-27498.0,2012,2,11,22,45,27.3,4.2,0,308,68,-160,210,72,-23,168,29,260,2,1,SS
KP201202240032,47.143364,8.545194,26.816,683934,221968,-26816.0,2012,2,24,0,32,30.4,3.5,0,294,78,-164,201,74,-12,158,20,67,3,1,SS
KP201206280909,47.48119,9.379145,5.171,746251,260744,-5171.0,2012,6,28,9,10,13.5,2.1,0,314,68,-157,215,69,-24,174,31,265,1,2,SS
KP201209040513,46.944759,8.461397,8.253,677866,199804,-8253.0,2012,9,4,5,13,24.9,2.9,0,6,87,1,276,89,177,321,1,231,3,1,SS
KP201210250110,46.039014,6.884884,4.781,557128,98760,-4781.0,2012,10,25,1,10,57.6,3.63,1,63,65,-179,333,89,-25,285,18,21,17,1,SS
KP201304062315,46.167126,7.392275,6.743,596418,112851,-6743.0,2013,4,6,23,15,29.4,2.71,0,64,47,-140,304,62,-51,265,55,7,9,1,ON
KP201306080306,47.766531,7.873788,21.972,632625,290754,-21972.0,2013,6,8,3,6,5.2,2.62,0,315,75,-149,216,60,-17,179,32,83,10,1,ON
KP201307031413,47.329009,7.387703,24.582,596151,242017,-24582.0,2013,7,3,14,13,50.6,3.19,0,315,55,-135,195,55,-45,165,55,255,0,2,ON
KP201307200040,47.422365,9.320573,4.084,741994,254098,-4083.9999999999995,2013,7,20,0,40,41.2,2.14,2,120,73,176,211,86,17,344,9,77,15,2,SS
KP201307200330,47.421985,9.320744,4.027,742008,254056,-4027.0,2013,7,20,3,30,55.2,3.51,2,124,72,-174,32,84,-18,347,17,79,8,1,SS
KP201308091044,47.24681,11.49166,8.741,906704,240803,-8741.0,2013,8,9,10,44,8.2,3.37,0,120,45,152,231,70,48,350,15,97,47,9,SS
KP201311032142,47.330154,8.253684,25.039,661608,242463,-25039.0,2013,11,3,21,42,44.3,2.71,0,285,83,176,15,86,7,150,2,240,8,2,SS
KP201312120059,47.074312,9.502508,7.225,756736,215761,-7225.0,2013,12,12,0,59,19.1,4.09,1,94,59,-171,359,82,-31,312,27,51,16,2,SS
KP201312270708,47.074744,9.506052,7.08,757004,215816,-7080.0,2013,12,27,7,8,28.6,3.67,1,87,77,-179,357,89,-13,311,10,43,8,1,SS
KP201401081812,47.143807,7.152629,9.236,578306,221466,-9236.0,2014,1,8,18,12,25.4,2.76,0,306,55,-155,201,70,-38,159,41,257,9,2,SS
KP201401081827,47.144654,7.153005,9.173,578335,221560,-9173.0,2014,1,8,18,27,48.8,3.19,0,280,56,-120,146,44,-53,135,65,31,6,2,NF
KP201402250052,46.244896,7.823311,5.037,629668,121568,-5037.0,2014,2,25,0,52,45.4,2.98,0,106,35,-89,285,55,-91,192,80,15,10,1,NF
KP201404172359,47.512195,8.918524,8.108,711475,263434,-8108.000000000001,2014,4,17,23,59,24.2,1.97,2,358,41,-82,167,49,-97,31,83,262,4,2,NF
KP201405100143,46.657906,7.569864,8.159,610044,167416,-8159.000000000001,2014,5,10,1,43,48.5,2.68,2,235,62,134,351,51,37,295,7,197,51,2,OT
KP201408281749,45.618198,10.633681,5.731,849194,56902,-5731.0,2014,8,28,17,49,19.6,4.07,0,90,64,150,194,63,30,142,0,52,39,9,OT
KP201410151936,46.655739,7.565927,7.981,609743,167175,-7981.0,2014,10,15,19,36,33.3,3.22,2,246,80,135,346,46,14,303,22,195,38,1,OT
KP201411081604,47.44505,8.668351,9.516,692749,255644,-9516.0,2014,11,8,16,4,22.5,2.75,0,139,87,153,231,63,3,188,16,91,21,1,SS
KP201412070826_2,47.174064,9.415112,3.866,749821,226676,-3866.0,2014,12,7,8,26,37.6,2.7,0,126,51,-149,15,66,-43,334,47,74,9,2,ON
KP201412150658,47.518011,9.162088,22.197,729805,264455,-22197.0,2014,12,15,6,58,18.3,3.27,0,121,84,-165,29,75,-6,346,15,254,6,1,SS
KP201412172304,46.773388,6.793921,22.506,550759,180449,-22506.0,2014,12,17,23,4,26.9,3.06,0,126,60,-156,23,69,-32,342,37,76,6,1,SS
KP201501170916,47.438698,7.844548,9.355,630621,254290,-9355.0,2015,1,17,9,16,53.6,2.76,2,162,22,-67,317,70,-99,213,64,54,24,1,NF
KP201501251734,46.792677,10.160112,3.891,807744,185993,-3891.0,2015,1,25,17,34,26.8,3.06,0,128,42,-128,354,58,-61,316,64,64,9,2,ON
KP201501312154,47.14479,7.151406,9.086,578214,221575,-9086.0,2015,1,31,21,54,1.9,3.14,0,140,44,-95,327,46,-85,306,86,54,1,1,NF
KP201502212223,47.879015,8.240121,23.163,659960,303478,-23163.0,2015,2,21,22,23,58.5,3.17,0,267,78,167,360,77,12,314,1,223,18,2,SS
KP201503231327,47.60369,7.802228,16.553,627343,272620,-16553.0,2015,3,23,13,27,14.6,2.52,0,302,43,-91,123,47,-89,52,88,213,2,1,NF
KP201505311854,47.660123,8.743925,4.64,698051,279646,-4640.0,2015,5,31,18,54,3.9,2.22,1,295,36,-94,120,54,-87,43,81,208,9,1,NF
KP201506201030,46.263463,7.39963,7.07,596992,123560,-7070.0,2015,6,20,10,30,22.9,3.09,1,87,85,176,177,86,5,312,1,42,6,1,SS
KP201507140159,47.614996,8.881305,11.165,708462,274810,-11165.0,2015,7,14,1,59,50.9,2.04,0,159,34,-109,2,58,-78,304,74,83,12,1,NF
KP201508151834,46.659518,7.571668,8.473,610182,167596,-8473.0,2015,8,15,18,34,16.4,2.7,2,242,77,144,341,55,16,296,14,196,34,2,OT
KP201510140013,46.333483,7.515165,3.955,605892,131346,-3955.0,2015,10,14,0,13,45.2,3.1,1,280,68,-127,164,42,-34,146,52,36,15,1,ON
KP201510260426_1,47.638559,8.907936,8.249,710415,277467,-8249.0,2015,10,26,4,26,45.6,2.37,0,135,56,-161,34,74,-36,349,36,88,12,1,SS
KP201511180810,46.33427,7.511269,3.982,605592,131433,-3982.0,2015,11,18,8,10,41.2,2.7,1,269,71,-137,162,50,-25,134,43,31,13,2,ON
KP201601011222,47.271101,7.185837,16.714,580871,235609,-16714.0,2016,1,1,12,22,41.4,2.84,0,136,86,-171,45,81,-4,1,9,270,4,1,SS
KP201601021042,46.53366,7.984611,7.528,641885,153741,-7528.0,2016,1,2,10,42,44.7,3.11,0,131,56,-103,333,36,-72,3,75,230,10,1,NF
KP201601312243,47.124728,10.087977,2.321,800993,222698,-2321.0,2016,1,31,22,43,58.8,3.54,0,108,66,174,200,85,24,332,13,67,21,1,SS
KP201603130058,46.682282,10.639299,9.612,844805,175112,-9612.0,2016,3,13,0,58,49.5,2.8,0,127,37,-82,297,53,-96,181,80,31,8,1,NF
KP201604111047,46.446594,10.011116,6.413,797637,147157,-6413.0,2016,4,11,10,47,23.5,3.17,0,291,54,-121,157,46,-55,142,65,42,4,1,ON
KP201605210349,46.263787,7.397845,6.987,596854,123596,-6987.0,2016,5,21,3,49,38.2,2.9,1,99,85,178,189,88,5,324,2,54,5,2,SS
KP201606240412,46.264254,7.393987,7.199,596557,123649,-7199.0,2016,6,24,4,12,17.2,3.22,1,278,83,-149,184,59,-8,145,27,47,16,1,ON
KP201608201942,47.201244,7.524799,0.488,606529,227815,-488.0,2016,8,20,19,42,30.9,2.23,0,299,76,155,35,66,15,349,7,255,27,1,SS
KP201610012317,46.036765,6.859269,5.484,555144,98525,-5484.0,2016,10,1,23,17,39.0,3.4,1,80,72,-155,342,66,-20,302,30,210,4,1,SS
KP201610030643,46.674182,8.49793,7.544,681053,169764,-7544.0,2016,10,3,6,43,43.8,3.25,1,110,73,-165,16,76,-18,332,22,63,2,1,SS
KP201610070727,46.53222,9.549776,12.11,761946,155614,-12110.0,2016,10,7,7,27,7.6,3.84,0,115,38,-108,317,54,-76,272,76,38,8,1,NF
KP201610241444,46.340084,7.572964,8.488,610342,132086,-8488.0,2016,10,24,14,44,11.8,4.14,1,65,54,126,194,49,51,130,3,35,61,1,OT
KP201610250142,46.338218,7.573512,8.633,610384,131879,-8633.0,2016,10,25,1,42,14.2,2.61,1,86,68,148,189,61,26,139,5,45,38,1,OT
KP201611030548,47.779456,8.787969,3.427,701131,292970,-3427.0,2016,11,3,5,48,22.2,3.01,1,137,72,-165,42,76,-19,359,23,90,3,2,SS
KP201611190053,47.779916,8.786053,3.564,700987,293018,-3564.0,2016,11,19,0,53,56.4,2.73,1,141,58,-146,31,62,-37,355,45,87,2,1,ON
KP201611251829,46.263989,7.396185,7.351,596726,123619,-7351.0,2016,11,25,18,29,2.5,2.68,1,70,61,137,184,53,37,129,5,33,50,1,OT
KP201701130613,46.674061,8.4982,7.497,681074,169751,-7497.0,2017,1,13,6,13,13.9,2.49,1,112,72,-152,13,64,-20,335,32,241,6,2,SS
KP201702181322,46.263598,7.395644,6.794,596685,123576,-6794.0,2017,2,18,13,22,28.6,2.09,1,262,88,-180,172,90,-2,127,2,217,2,2,SS
KP201703062012_1,46.91695,8.91932,2.011,712784,197269,-2011.0000000000002,2017,3,6,20,12,7.7,4.63,2,258,84,-168,167,78,-6,123,13,32,4,1,SS
KP201703062157,46.917756,8.914785,3.576,712437,197352,-3576.0,2017,3,6,21,57,32.9,2.85,2,243,86,-152,151,62,-5,111,22,14,16,1,SS
KP201703200030,46.043445,6.882397,4.894,556939,99254,-4894.0,2017,3,20,0,30,55.0,3.26,1,67,53,-159,324,73,-39,279,39,19,13,2,SS
KP201704251035,47.190887,7.448032,0.364,600713,226660,-364.0,2017,4,25,10,35,29.5,2.8,0,247,65,94,57,25,80,334,20,166,69,1,TF
KP201706021905,46.266723,7.295112,4.226,588934,123932,-4226.0,2017,6,2,19,5,13.1,3.31,0,243,67,-154,142,66,-25,103,34,13,1,1,SS
KP201706060718,46.730863,7.235101,2.135,584442,175539,-2135.0,2017,6,6,7,18,3.4,3.27,0,148,36,-84,321,54,-94,212,80,54,9,2,NF
KP201707010810,46.486128,7.095902,2.982,573683,148370,-2982.0,2017,7,1,8,10,34.2,4.25,1,293,71,-105,153,24,-53,181,61,35,25,2,NF
KP201707021053,47.40826,7.86112,10.457,631889,250913,-10457.0,2017,7,2,10,53,59.9,2.44,0,279,20,-138,149,77,-75,79,56,227,30,1,ON
KP201708052021,46.222512,7.389713,4.775,596224,119009,-4775.0,2017,8,5,20,21,10.1,2.39,0,259,66,-104,109,28,-62,144,67,359,20,1,NF
KP201709061222,46.26769,11.94573,3.917,947283,134012,-3917.0,2017,9,6,12,22,30.0,3.85,0,303,81,148,39,58,11,355,15,256,29,9,OT
KP201709200143,46.811612,9.06119,8.099,723831,185775,-8099.0,2017,9,20,1,43,49.2,2.5,0,270,35,-137,143,67,-63,91,59,213,18,2,ON
KP201711021409,46.333987,7.517501,4.141,606072,131402,-4141.0,2017,11,2,14,9,8.8,3.09,1,276,59,-139,162,56,-39,131,50,38,2,1,ON
KP201711031804,46.264433,7.39418,7.291,596572,123668,-7291.0,2017,11,3,18,4,33.1,2.79,1,278,69,-158,180,69,-22,139,30,49,0,1,SS
KP201711031815,47.1458,11.36347,8.589,897574,229094,-8589.0,2017,11,3,18,15,41.2,3.74,0,292,85,168,22,78,5,338,5,246,12,9,SS
KP201711210922,47.143912,8.542533,26.583,683731,222026,-26583.0,2017,11,21,9,22,2.0,3.34,0,311,74,-161,216,72,-17,174,25,83,2,1,SS
KP201712122228,46.199821,7.484461,5.595,603537,116486,-5595.0,2017,12,12,22,28,7.9,2.23,0,44,82,-174,313,84,-8,268,9,358,2,2,SS
KP201712151737,47.631776,9.054288,10.745,721426,276929,-10745.0,2017,12,15,17,37,5.7,2.67,0,118,66,-133,5,48,-33,340,49,238,11,1,ON
KP201801021116,46.115869,6.855143,8.319,554890,107321,-8319.0,2018,1,2,11,16,14.4,2.67,0,246,89,-152,156,62,-1,115,20,17,19,2,SS
KP201801080818,46.897274,10.084926,4.689,801615,197418,-4689.0,2018,1,8,8,18,49.4,2.7,0,101,86,138,195,48,6,156,25,49,31,2,OT
KP201801142257,46.32574,7.393398,4.156,596516,130484,-4156.0,2018,1,14,22,57,14.8,2.58,0,285,57,-131,164,51,-45,138,56,43,3,1,ON
KP201801171907,47.149196,9.998407,-1.452,794112,225191,1452.0,2018,1,17,19,7,19.1,4.14,0,117,88,-173,27,83,-2,342,6,252,4,1,SS
KP201802010147,47.155847,10.000972,0.332,794282,225937,-332.0,2018,2,1,1,47,32.8,4.07,0,305,88,-168,215,78,-2,170,10,79,7,1,SS
KP201802201918,46.551234,10.490976,8.21,834033,160103,-8210.0,2018,2,20,19,18,18.3,2.47,0,107,60,-142,356,58,-36,322,47,231,1,2,ON
KP201802221232,46.325113,7.396413,4.08,596748,130414,-4080.0,2018,2,22,12,32,39.0,1.82,0,261,62,-150,155,64,-32,117,40,208,1,2,ON
KP201802241605,46.188145,7.080973,6.4,572385,115250,-6400.0,2018,2,24,16,5,26.6,2.65,0,256,73,-156,158,67,-18,118,28,26,4,2,SS
KP201803112329,47.667872,8.01591,18.531,643360,279852,-18531.0,2018,3,11,23,29,22.9,3.06,0,317,62,-156,215,69,-30,174,36,267,5,1,SS
KP201804082150,46.463184,7.130463,4.941,576327,145808,-4941.0,2018,4,8,21,50,18.3,2.9,0,208,32,144,330,72,63,80,22,206,55,1,OT
KP201804102149,47.588073,9.10647,23.4,725451,272153,-23400.0,2018,4,10,21,49,48.8,2.32,0,294,45,-164,193,79,-46,143,40,251,21,1,SS
KP201805042136,47.758094,7.516827,16.012,605864,289728,-16012.0,2018,5,4,21,36,41.9,3.31,0,285,84,177,15,87,6,150,2,240,6,1,SS
KP201805151530,46.514821,6.881177,2.1,557218,151654,-2100.0,2018,5,15,15,30,20.4,3.1,0,134,37,-72,292,55,-103,161,76,31,9,1,NF
KP201807152212,47.63804,8.792697,9.652,701757,277253,-9652.0,2018,7,15,22,12,16.0,1.97,0,133,69,-169,39,79,-21,355,23,88,7,2,SS
KP201807202220,45.989343,7.846975,8.956,631641,93169,-8956.0,2018,7,20,22,20,35.4,2.6,0,277,35,-100,109,56,-83,44,78,194,10,1,NF
KP201808160945,46.828421,10.094379,4.227,802594,189793,-4227.0,2018,8,16,9,45,10.6,2.84,0,303,48,-97,134,43,-82,154,84,38,3,2,NF
KP201808230009,46.188194,7.080967,6.409,572385,115256,-6409.0,2018,8,23,0,9,9.8,3.15,0,256,71,-159,159,70,-20,118,28,27,1,1,SS
KP201808301227,46.915229,8.921582,3.508,712960,197081,-3508.0,2018,8,30,12,27,40.5,2.83,0,266,86,-174,176,84,-4,131,7,41,2,2,SS
KP201809160353,46.225642,7.348572,6.54,593050,119359,-6540.0,2018,9,16,3,53,8.9,0.92,0,84,90,148,174,58,0,134,22,34,22,2,OT
KP201810140425,46.266106,7.838063,3.67,630794,123931,-3670.0,2018,10,14,4,25,26.8,2.33,0,85,43,-108,289,50,-74,262,77,8,3,1,NF
KP201811030020,46.084683,7.078581,9.533,572147,103750,-9533.0,2018,11,3,0,20,6.3,2.88,0,284,46,-105,124,46,-75,113,79,204,0,1,NF
KP201811230052,46.263586,7.399579,6.994,596988,123574,-6994.0,2018,11,23,0,52,8.4,2.49,2,189,64,-2,280,88,-154,148,20,52,17,1,SS
KP201811302302,47.534144,7.844399,17.644,630555,264903,-17644.0,2018,11,30,23,2,6.8,2.0,0,308,75,-157,212,68,-16,171,27,79,5,2,SS
KP201812150021,45.978717,7.900129,8.966,635767,92010,-8966.0,2018,12,15,0,21,8.9,2.49,0,147,50,-66,292,46,-116,124,72,220,2,1,NF
KP201812151812,46.34144,7.571941,8.483,610263,132237,-8483.0,2018,12,15,18,12,48.2,2.46,1,76,48,175,169,86,42,295,25,41,31,2,SS
KP201812290829,46.82963,7.193622,4.88,581306,186528,-4880.0,2018,12,29,8,29,35.5,2.85,1,145,43,-18,248,78,-132,119,42,9,22,1,SS
KP201901032044,47.602806,9.242137,19.892,735616,274016,-19892.0,2019,1,3,20,44,9.4,2.24,0,123,78,-176,32,86,-12,347,12,78,6,2,SS
KP201901190301,46.858999,9.836654,6.727,782836,192557,-6727.0,2019,1,19,3,1,21.7,2.61,0,82,75,175,173,86,15,307,7,39,14,2,SS
KP201902050830,45.873206,7.013138,3.663,566957,80266,-3663.0,2019,2,5,8,30,59.9,3.13,1,234,64,-120,107,39,-44,100,59,345,14,2,NF
KP201902240249,46.635684,9.671361,5.382,770943,167370,-5382.0,2019,2,24,2,49,13.4,1.55,0,118,47,-117,335,50,-64,313,70,47,2,2,NF
KP201903082224,46.314055,7.33643,4.63,592127,129189,-4630.0,2019,3,8,22,24,41.2,2.08,0,97,18,-81,268,72,-93,173,63,0,27,2,NF
KP201903130715,47.895508,7.715753,17.042,620726,305042,-17042.0,2019,3,13,7,15,43.3,2.67,0,77,83,-169,345,79,-7,301,13,211,3,2,SS
KP201903190244,46.624731,9.317125,13.596,743857,165442,-13596.0,2019,3,19,2,44,44.8,2.69,0,266,50,-150,156,68,-44,113,47,215,11,1,ON
KP201904040922,48.015838,8.067181,12.556,646901,318575,-12556.0,2019,4,4,9,22,23.9,2.88,0,109,75,-168,16,78,-15,332,19,63,2,2,SS
KP201904080339,47.313155,7.722628,21.739,621474,240292,-21739.0,2019,4,8,3,39,35.5,1.9,0,162,86,-176,72,86,-4,27,5,297,0,2,SS
KP201904100821,47.880576,8.505181,9.086,679785,303887,-9086.0,2019,4,10,8,21,41.2,2.49,0,257,83,179,348,89,7,122,4,213,6,2,SS
KP201904240048,47.716946,8.416322,17.224,673365,285606,-17224.0,2019,4,24,0,48,2.0,1.68,0,299,82,-156,206,67,-9,165,22,70,10,2,SS
KP201904262213,48.005385,7.966707,18.157,639412,317357,-18157.0,2019,4,26,22,13,56.7,2.12,0,295,62,-136,180,52,-37,153,50,56,6,2,ON
KP201904280724,46.199741,6.909494,4.982,559154,116614,-4982.0,2019,4,28,7,24,1.4,1.8,0,242,73,-159,145,70,-18,104,27,13,2,2,SS
KP201905192145,47.688121,9.008824,1.128,717885,283124,-1128.0,2019,5,19,21,45,32.5,1.92,1,290,71,166,24,77,19,156,4,248,23,2,SS
KP201905280848,46.365488,6.74211,1.061,546398,135140,-1061.0,2019,5,28,8,48,5.9,4.18,2,315,44,-98,147,47,-82,126,84,231,2,1,NF
KP201906051739,47.620607,9.139203,17.406,727834,275822,-17406.0,2019,6,5,17,39,22.6,2.93,0,305,74,-177,215,87,-16,169,13,261,9,1,SS
KP201906051758,46.225921,7.732936,6.931,622706,119429,-6931.0,2019,6,5,17,58,22.5,1.87,0,53,90,-154,323,64,0,281,18,185,18,2,SS
KP201906091942,46.369177,7.66564,9.25,617468,135336,-9250.0,2019,6,9,19,42,57.4,1.53,0,236,29,68,81,63,102,162,17,16,70,2,TF
KP201906151346,46.567571,7.51974,8.303,606218,157369,-8303.0,2019,6,15,13,46,35.5,2.63,0,92,90,-142,2,52,0,324,26,220,26,2,ON
KP201906171419,46.22419,7.740503,4.96,623290,119238,-4960.0,2019,6,17,14,19,57.6,2.04,0,98,56,-105,303,36,-69,327,74,198,10,1,NF
KP201906222051,46.857205,9.485411,8.292,756068,191599,-8292.0,2019,6,22,20,51,33.1,2.01,0,273,68,-152,172,64,-25,134,35,42,3,1,SS
KP201907292306,47.741361,9.116214,2.274,725819,289209,-2274.0,2019,7,29,23,6,21.2,2.83,1,142,41,-108,345,51,-75,311,77,65,5,1,NF
KP201907292317,47.743272,9.11551,2.116,725762,289421,-2116.0,2019,7,29,23,17,47.7,3.65,1,137,43,-112,346,51,-71,319,75,63,4,1,NF
KP201907300042,47.740481,9.116294,2.333,725827,289111,-2333.0,2019,7,30,0,42,41.7,3.18,1,142,41,-118,356,54,-68,320,71,71,7,1,NF
KP201907300231,47.740522,9.115432,2.355,725763,289115,-2355.0,2019,7,30,2,31,40.0,2.74,1,132,38,-128,356,61,-65,310,64,68,13,2,ON
KP201907310532,47.741504,9.118108,2.182,725961,289228,-2182.0,2019,7,31,5,32,27.2,3.07,1,129,68,-125,11,41,-35,356,53,244,16,1,ON
KP201908140322,46.263275,7.393797,6.581,596542,123540,-6581.0,2019,8,14,3,22,21.9,1.96,1,88,79,176,178,87,11,312,5,43,10,1,SS
KP201908141135,47.380464,7.11356,9.021,575452,247788,-9021.0,2019,8,14,11,35,12.9,1.98,0,270,71,-167,176,78,-20,132,22,224,5,2,SS
KP201908151836,47.650381,8.912643,20.231,710744,278788,-20231.0,2019,8,15,18,36,4.4,2.13,0,323,78,158,57,68,13,11,7,278,24,2,SS
KP201908230838,46.208379,7.552357,4.756,608776,117442,-4756.0,2019,8,23,8,38,34.1,2.95,0,66,64,-142,317,57,-32,284,44,190,4,1,ON
KP201908291422,47.744593,9.116753,2.003,725852,289569,-2003.0,2019,8,29,14,22,49.6,3.45,1,142,43,-124,5,56,-62,330,66,75,7,1,ON
KP201909030530_1,46.207707,7.551159,4.788,608684,117368,-4788.0,2019,9,3,5,30,26.4,2.49,0,68,60,-130,308,49,-41,285,55,185,7,2,ON
KP201909051419,47.745991,9.116287,1.891,725814,289724,-1891.0,2019,9,5,14,19,19.7,2.95,1,134,38,-121,351,58,-68,307,69,65,11,2,ON
KP201909110333,46.923317,8.387947,7.769,672303,197350,-7769.0,2019,9,11,3,33,29.3,2.39,0,88,78,-175,358,86,-12,312,11,44,5,2,SS
KP201909210818,47.658955,8.744264,4.606,698079,279517,-4606.0,2019,9,21,8,18,26.6,2.08,2,116,31,-98,305,59,-85,229,76,32,14,1,NF
KP201909250650,46.26332,7.395017,6.523,596636,123545,-6523.0,2019,9,25,6,50,45.7,2.02,1,268,75,-172,176,82,-15,132,16,223,5,2,SS
KP201909281253,46.662022,8.654415,10.172,693047,168586,-10172.0,2019,9,28,12,53,21.3,2.63,0,102,79,-162,9,72,-12,326,21,235,4,1,SS
KP201910170007,46.263256,7.394812,6.433,596620,123538,-6433.0,2019,10,17,0,7,28.5,1.26,1,270,86,-172,179,82,-4,135,9,45,3,2,SS
KP201910302208,47.162271,9.555757,1.944,760515,225644,-1944.0,2019,10,30,22,8,41.2,2.77,0,108,85,-168,17,78,-5,333,12,242,5,2,SS
KP201911050054,46.320144,7.361153,4.494,594032,129864,-4494.0,2019,11,5,0,54,21.4,3.32,1,53,77,159,148,70,14,102,5,10,24,1,SS
KP201911050336,46.32045,7.359351,4.195,593893,129898,-4195.0,2019,11,5,3,36,50.3,3.33,1,62,58,152,168,67,35,293,6,28,41,2,SS
KP201911050555,46.319919,7.353107,4.153,593412,129839,-4153.0,2019,11,5,5,55,35.0,2.52,1,274,71,-165,179,76,-20,136,24,228,3,2,SS
KP201911050600,46.31996,7.353849,3.997,593469,129844,-3997.0,2019,11,5,6,0,21.5,2.86,1,272,69,-153,172,65,-23,133,33,41,2,2,SS
KP201911050718,46.319659,7.360682,4.466,593995,129810,-4466.0,2019,11,5,7,18,43.0,2.96,1,58,68,132,171,46,31,119,13,14,49,2,OT
KP201911050747,46.321241,7.364858,4.546,594317,129985,-4546.0,2019,11,5,7,47,57.4,2.77,1,50,64,128,168,45,38,113,11,7,54,2,OT
KP201911050854,46.319607,7.349977,4.113,593171,129805,-4113.0,2019,11,5,8,54,53.7,2.54,1,263,82,-156,170,66,-9,129,22,34,11,2,SS
KP201911051921,46.31861,7.355347,4.613,593584,129694,-4613.0,2019,11,5,19,21,31.3,2.81,1,87,81,149,182,59,10,138,15,40,28,1,OT
KP201911051951,46.31876,7.354819,4.511,593544,129710,-4511.0,2019,11,5,19,51,14.1,3.2,1,60,56,136,178,55,43,120,1,28,53,1,OT
KP201911051952,46.319588,7.355421,4.265,593590,129802,-4265.0,2019,11,5,19,52,29.8,2.51,1,279,82,-145,183,55,-10,147,30,46,18,2,ON
KP201911052006,46.319315,7.357447,4.593,593746,129772,-4593.0,2019,11,5,20,6,55.2,2.63,0,208,28,84,35,62,93,123,17,311,72,1,TF
KP201911052010,46.319917,7.357,4.519,593712,129839,-4519.0,2019,11,5,20,10,59.7,2.6,1,272,69,-141,166,54,-26,135,42,36,10,2,ON
KP201911071835_1,46.319309,7.347486,3.938,592979,129772,-3938.0,2019,11,7,18,35,38.8,3.21,1,260,73,-163,165,74,-18,123,24,213,1,2,SS
KP201911071838,46.320056,7.349063,4.064,593100,129855,-4064.0,2019,11,7,18,38,27.5,2.49,1,269,65,-155,167,67,-27,127,35,219,2,2,SS
KP201911072030,46.317295,7.349368,4.618,593124,129548,-4618.0,2019,11,7,20,30,6.0,2.26,1,88,81,146,183,57,11,140,16,40,30,2,OT
KP201911080308,46.318659,7.347085,3.787,592948,129700,-3787.0,2019,11,8,3,8,0.3,2.22,1,265,77,-151,168,62,-14,129,29,34,10,2,SS
KP201911111935,46.322513,7.365492,4.417,594366,130127,-4417.0,2019,11,11,19,35,6.4,2.74,1,50,59,139,165,55,38,108,2,15,50,2,OT
KP201911120201,46.320103,7.35987,3.91,593933,129859,-3910.0,2019,11,12,2,1,9.3,2.16,0,220,65,-99,61,26,-71,113,68,317,20,1,NF
KP201911120917,46.320927,7.357995,3.86,593788,129951,-3860.0,2019,11,12,9,17,58.0,1.98,0,222,71,-104,78,23,-56,111,62,322,25,2,NF
KP201911121343,46.323322,7.367647,4.32,594532,130216,-4320.0,2019,11,12,13,43,30.9,1.85,1,296,89,-164,206,74,-1,162,12,70,11,2,SS
KP201911121436,46.32351,7.366061,4.16,594410,130237,-4160.0,2019,11,12,14,36,45.8,2.72,1,252,73,-161,156,72,-18,114,25,24,1,1,SS
KP201911300214,46.10434,7.298654,6.896,589175,105880,-6896.0,2019,11,30,2,14,45.8,3.02,0,4,85,-151,271,61,-5,232,24,134,17,1,SS
KP201912050250,46.319605,7.358697,4.611,593842,129804,-4611.0,2019,12,5,2,50,9.3,1.81,0,298,84,-125,200,35,-10,176,40,56,30,1,ON
KP201912060129,46.323398,7.374351,4.449,595048,130224,-4449.0,2019,12,6,1,29,0.5,2.03,1,262,90,-149,172,59,0,132,21,33,21,2,ON
KP201912292236,46.274667,6.777943,0.412,549070,125020,-412.0,2019,12,29,22,36,25.5,2.74,0,153,55,-111,6,40,-63,12,71,258,8,2,NF
KP202001142247,47.17411,7.083169,13.267,573053,224856,-13267.0,2020,1,14,22,47,3.5,2.42,0,314,66,-154,213,67,-27,173,35,264,1,1,SS
KP202001251907,46.61407,8.451437,6.671,677582,163035,-6671.0,2020,1,25,19,7,43.5,2.37,0,271,48,-141,153,62,-49,114,53,215,8,2,ON
KP202001251913,46.232924,7.703672,4.7,620445,120199,-4700.0,2020,1,25,19,13,28.8,3.0,0,93,35,-103,288,56,-81,226,77,12,11,1,NF
KP202001272205_1,48.293408,8.963101,8.796,713145,350357,-8796.0,2020,1,27,22,5,41.0,3.5,0,118,89,-154,28,64,-1,346,19,250,18,2,SS
KP202002030620,46.104528,7.297666,6.979,589098,105901,-6979.0,2020,2,3,6,20,17.6,2.31,0,15,77,-155,279,66,-15,239,27,145,7,2,SS
KP202002140313,46.346816,8.120514,6.906,652492,133053,-6906.0,2020,2,14,3,13,5.8,2.35,0,60,40,-179,329,89,-50,272,33,27,32,2,SS
KP202002200410,47.708769,8.678523,18.197,693053,284975,-18197.0,2020,2,20,4,10,22.1,2.0,0,246,87,166,337,76,3,292,8,201,12,2,SS
KP202002241546,47.868888,7.89332,21.232,634023,302144,-21232.0,2020,2,24,15,46,54.5,2.43,0,112,48,-116,329,48,-63,311,70,220,0,2,NF
KP202003180154,46.48461,7.001976,7.032,566470,148237,-7032.0,2020,3,18,1,54,57.2,2.59,0,79,48,133,205,57,53,320,5,59,59,1,OT
KP202003241813,46.347617,7.66722,6.475,617596,132940,-6475.0,2020,3,24,18,13,54.8,1.66,0,93,56,174,187,85,35,315,20,56,28,2,SS
KP202004232152,47.617639,8.974186,2.078,715438,275237,-2078.0,2020,4,23,21,52,41.3,2.56,0,309,81,-175,218,85,-9,173,10,263,2,1,SS
KP202005190610,46.257655,7.414561,3.927,598143,122914,-3927.0,2020,5,19,6,10,3.5,2.04,0,49,52,146,161,64,44,282,7,21,49,2,OT
KP202005260550,46.909094,9.139712,1.234,729587,196736,-1234.0,2020,5,26,5,50,26.1,3.09,1,90,84,147,184,57,8,142,18,42,27,2,OT
KP202005270055,46.909155,9.139738,1.257,729589,196743,-1257.0,2020,5,27,0,55,26.9,2.89,1,89,88,135,181,45,2,144,29,35,31,1,OT
KP202005270711,46.908346,9.1422,1.074,729779,196657,-1074.0,2020,5,27,7,11,29.4,2.82,1,100,65,-139,349,53,-32,320,46,222,7,2,ON
KP202005310924,46.401415,8.535889,8.252,684381,139484,-8252.0,2020,5,31,9,24,54.2,2.5,0,253,78,-169,160,79,-12,116,16,206,1,2,SS
KP202006102050,46.911092,9.625893,8.521,766610,197876,-8521.0,2020,6,10,20,50,35.7,2.23,0,90,42,-164,348,79,-49,296,41,48,23,2,SS
KP202006220547,47.002798,6.239119,21.642,508777,206448,-21642.0,2020,6,22,5,47,0.9,2.81,0,330,76,-167,237,77,-15,193,19,283,1,2,SS
KP202006230625,46.042626,6.896252,6.096,558011,99156,-6096.0,2020,6,23,6,25,41.1,3.82,1,59,66,-173,326,83,-24,280,22,15,12,1,SS
KP202007010224,47.36889,9.101313,1.806,725579,247780,-1806.0,2020,7,1,2,24,56.5,2.09,0,147,53,-108,355,40,-68,4,74,250,7,2,NF
KP202007052112,46.833651,9.543932,7.864,760599,189099,-7864.0,2020,7,5,21,12,19.1,2.11,0,282,85,155,14,65,6,331,14,235,21,2,SS
KP202007111153,46.229559,8.890813,12.993,712027,120827,-12993.0,2020,7,11,11,53,12.5,2.88,0,280,69,151,21,63,24,332,4,239,35,2,SS
KP202007121231,47.060825,6.864119,1.82,556354,212361,-1820.0,2020,7,12,12,31,25.5,2.5,0,279,60,-178,188,88,-30,140,22,238,19,1,SS
KP202007231157,47.463845,8.279442,17.629,663396,257347,-17629.0,2020,7,23,11,57,2.5,2.21,0,351,39,-98,180,52,-84,123,82,266,6,2,NF
KP202007272243,46.187731,7.081586,6.369,572432,115204,-6369.0,2020,7,27,22,43,14.0,2.0,0,64,70,152,165,64,22,116,4,23,34,1,SS
KP202008072028,46.908522,9.137052,1.438,729386,196668,-1438.0,2020,8,7,20,28,52.0,2.14,1,269,82,142,5,52,10,323,20,220,32,2,OT
KP202008081944,47.185267,10.643131,6.668,842814,230995,-6668.0,2020,8,8,19,44,45.7,3.95,0,228,67,108,7,29,53,304,20,167,63,1,TF
KP202008122115,46.030993,7.685404,2.438,619106,97747,-2438.0,2020,8,12,21,15,49.0,2.96,0,143,49,-131,16,55,-53,345,60,81,4,1,ON
KP202008260041,46.034686,6.861144,5.92,555287,98293,-5920.0,2020,8,26,0,41,1.5,2.64,1,70,87,-180,340,90,-3,295,2,25,2,2,SS
KP202009032036,45.874012,6.982065,1.794,564545,80369,-1794.0,2020,9,3,20,36,36.8,2.5,0,27,53,-101,225,38,-76,256,78,125,8,1,NF
KP202010030208,47.519223,7.894547,16.073,634340,263264,-16073.0,2020,10,3,2,8,40.4,2.24,0,308,76,-156,211,67,-16,171,27,78,6,2,SS
KP202010150021,46.306855,7.360822,6.448,594005,128386,-6448.0,2020,10,15,0,21,58.9,2.58,0,320,56,-97,153,35,-79,205,78,55,11,1,NF
KP202010211721,47.433543,7.79522,11.154,626902,253699,-11154.0,2020,10,21,17,21,8.9,2.52,0,305,74,-165,211,76,-16,168,21,258,1,2,SS
KP202010250525,47.637592,9.233102,17.66,734848,277868,-17660.0,2020,10,25,5,25,52.3,2.19,0,121,60,175,214,85,31,343,17,82,25,2,SS
KP202010251337,45.986033,7.492041,1.983,604138,92720,-1983.0,2020,10,25,13,37,26.8,2.68,0,222,22,175,317,88,68,67,39,206,43,2,SS
KP202010251935,46.907066,9.129172,0.764,728789,196493,-764.0,2020,10,25,19,35,43.7,4.32,1,73,74,162,168,73,16,121,1,31,23,1,SS
KP202010251943,46.908403,9.133242,1.053,729096,196649,-1053.0,2020,10,25,19,43,10.2,3.6,1,281,71,-152,181,63,-22,143,33,50,5,2,SS
KP202010252223,46.908794,9.140308,1.41,729633,196704,-1410.0,2020,10,25,22,23,35.6,3.14,1,263,84,-170,172,80,-6,128,12,37,3,2,SS
KP202010270340,46.905587,9.117373,1.472,727894,196310,-1472.0,2020,10,27,3,40,44.9,2.67,1,75,81,148,171,59,10,127,15,28,28,2,OT
KP202010271153,46.907703,9.131899,1.531,728996,196569,-1531.0,2020,10,27,11,53,53.6,2.67,1,264,71,173,357,83,19,129,8,222,18,2,SS
KP202011082356,45.981444,7.498719,1.344,604655,92210,-1344.0,2020,11,8,23,56,43.1,3.47,0,226,29,162,333,81,63,85,31,214,47,1,SS
KP202011101253_1,46.9054,9.119474,1.549,728055,196292,-1549.0,2020,11,10,12,53,23.4,3.94,1,259,89,-164,169,74,-1,125,12,33,10,1,SS
KP202011131856,46.904433,9.113803,1.611,727625,196176,-1611.0,2020,11,13,18,56,27.6,2.6,1,255,81,-155,161,65,-10,121,24,26,11,1,SS
KP202011240338,46.905879,9.142634,1.52,729818,196384,-1520.0,2020,11,24,3,38,56.6,2.33,1,86,60,-175,353,85,-30,305,24,44,17,1,SS
KP202012011805,47.710033,7.771577,14.974,624988,284434,-14974.0,2020,12,1,18,5,35.9,2.85,0,354,48,-103,192,44,-77,195,80,93,2,1,NF
KP202102032235,46.976703,7.43349,2.012,599609,202848,-2012.0,2021,2,3,22,35,36.9,2.84,0,284,61,167,20,79,30,149,12,246,29,1,SS
KP202102051414,47.751131,8.829017,7.853,704263,289874,-7853.0,2021,2,5,14,14,12.0,3.22,1,310,88,-174,220,84,-2,175,6,85,2,2,SS
KP202102070937,47.038019,7.006938,-0.671,567190,209756,671.0,2021,2,7,9,37,20.8,2.88,0,259,38,131,32,62,63,141,13,258,63,1,OT
KP202103011943,47.684772,9.068983,21.358,722408,282843,-21358.0,2021,3,1,19,43,36.6,3.08,0,313,85,178,43,88,5,178,2,268,5,1,SS
KP202103151327,46.894774,7.413819,3.291,598109,193740,-3291.0,2021,3,15,13,27,35.7,3.21,0,287,80,170,19,80,10,153,0,243,14,1,SS
KP202103211737,48.307663,9.023499,6.395,717595,352031,-6395.0,2021,3,21,17,37,3.7,3.66,0,276,81,166,8,76,10,322,3,232,17,9,SS
KP202103232327,47.673245,8.896827,19.676,709508,281308,-19676.0,2021,3,23,23,27,46.9,2.28,0,129,60,-136,13,54,-39,344,51,250,4,1,ON
KP202104222042,46.263025,7.392975,6.697,596479,123512,-6697.0,2021,4,22,20,42,56.3,2.35,1,275,82,-169,183,79,-8,139,13,49,2,2,SS
KP202105021224,45.823609,7.426706,9.021,599071,74662,-9021.0,2021,5,2,12,24,29.1,2.65,0,44,56,-107,253,37,-67,270,73,146,10,2,NF
KP202105181021,46.263328,7.39029,6.56,596272,123546,-6560.0,2021,5,18,10,21,49.3,2.8,1,273,78,-168,180,78,-12,137,17,227,0,1,SS
KP202105261720,46.263474,7.388522,6.482,596136,123562,-6482.0,2021,5,26,17,20,40.7,2.28,1,93,89,171,183,81,1,139,5,48,7,2,SS
KP202106292345,47.675674,8.996592,9.975,716994,281722,-9975.0,2021,6,29,23,45,9.5,3.06,0,128,72,-155,30,67,-20,350,30,259,3,2,SS
KP202107011111,46.617721,8.370451,7.905,671374,163364,-7905.0,2021,7,1,11,11,50.5,4.02,0,101,61,-167,5,79,-30,319,29,56,12,1,SS
KP202107101800,46.869115,9.106145,1.321,727125,192238,-1321.0,2021,7,10,18,0,52.7,2.64,0,50,87,174,140,84,3,95,2,5,7,2,SS
KP202107261418,47.668134,7.816832,18.179,628407,279791,-18179.0,2021,7,26,14,18,57.8,2.23,0,292,84,-172,201,82,-6,157,10,67,1,2,SS
KP202107290448,46.267438,7.222271,2.247,583319,124025,-2247.0,2021,7,29,4,48,50.3,2.09,0,50,43,168,149,82,48,271,25,22,38,1,SS
KP202107311523,46.240547,7.711528,4.472,621048,121049,-4472.0,2021,7,31,15,23,37.2,2.5,0,64,49,-118,284,48,-61,266,69,174,1,2,NF
KP202108190001,46.317035,7.182084,5.661,580239,129548,-5661.0,2021,8,19,0,1,27.0,2.41,0,146,42,-88,324,48,-91,217,87,55,3,1,NF
KP202108272139,47.527855,7.807953,13.155,627814,264190,-13155.0,2021,8,27,21,39,18.6,2.44,0,302,37,-157,193,76,-55,140,47,257,23,2,SS
KP202109132302,46.319016,7.350784,3.842,593233,129739,-3842.0,2021,9,13,23,2,26.3,2.04,0,259,74,-162,164,72,-17,122,24,31,1,2,SS
KP202109282227,47.025568,7.163082,7.092,579053,208318,-7092.0,2021,9,28,22,27,31.6,1.96,0,247,81,171,338,82,9,112,0,202,12,2,SS
KP202110050539,45.989234,7.501284,1.385,604854,93077,-1385.0,2021,10,5,5,39,25.2,4.11,0,78,34,-161,333,80,-57,276,45,37,27,2,SS
KP202110181815,46.923725,9.14118,1.469,729664,198365,-1469.0,2021,10,18,18,15,47.2,2.52,0,290,60,-156,187,69,-32,146,37,241,6,2,SS
KP202111012013,46.322947,7.371685,4.449,594843,130174,-4449.0,2021,11,1,20,13,10.0,2.82,0,77,22,-100,268,68,-86,185,67,355,23,1,NF
KP202111012215,47.114234,6.550441,12.003,532593,218521,-12003.0,2021,11,1,22,15,39.9,3.06,0,104,78,-180,14,90,-12,329,9,60,8,1,SS
KP202111040256,47.418119,7.479198,21.508,603062,251924,-21508.0,2021,11,4,2,56,58.5,2.08,0,298,70,-149,197,61,-23,160,36,66,6,1,ON
KP202111061749,47.033261,6.966042,1.018,564079,209245,-1018.0,2021,11,6,17,49,41.1,2.35,0,305,78,140,45,51,15,0,17,257,36,2,OT
KP202111161727,46.740015,7.534438,4.936,607322,176540,-4936.0,2021,11,16,17,27,32.5,2.34,0,119,36,153,232,74,58,346,23,106,50,2,SS
KP202111170030,46.079823,6.948772,11.603,562103,103264,-11603.0,2021,11,17,0,30,43.9,2.08,0,272,68,-127,156,42,-34,138,52,28,15,2,ON
KP202112102308,47.411436,7.740239,24.58,622764,251224,-24580.0,2021,12,10,23,8,13.4,3.22,0,129,78,162,223,72,13,176,4,85,21,1,SS
KP202112181034,45.574322,9.56003,22.747,765612,49187,-22747.0,2021,12,18,10,34,47.2,4.41,0,150,51,-22,255,73,-139,120,41,18,14,9,SS
KP202112242359,47.371471,6.919061,5.309,560758,246868,-5309.0,2021,12,24,23,59,56.8,4.1,0,264,58,121,36,43,51,333,8,227,63,1,OT
KP202112251449,47.371857,6.916515,5.342,560566,246912,-5342.0,2021,12,25,14,49,40.2,3.54,0,264,42,106,63,50,76,163,4,273,79,1,TF
KP202112300743,46.048693,7.389505,1.955,596196,99686,-1955.0,2021,12,30,7,43,14.7,2.51,0,22,83,-141,286,52,-9,251,31,148,21,2,ON
KP202201040038,47.371346,6.920513,5.149,560867,246853,-5149.0,2022,1,4,0,38,42.3,3.16,0,253,52,99,59,39,79,337,6,204,81,1,TF
KP202202192107,47.71199,9.302201,25.716,739843,286259,-25716.0,2022,2,19,21,7,5.2,2.7,0,117,88,172,208,82,2,163,5,72,7,2,SS
KP202203050928,46.291801,7.188335,7.567,580711,126741,-7567.0,2022,3,5,9,28,29.3,2.29,0,291,65,-172,197,82,-25,151,23,246,12,1,SS
KP202203121703,45.670023,6.333963,2.951,513901,58196,-2951.0,2022,3,12,17,3,23.3,4.17,0,43,56,134,163,54,44,103,1,12,55,1,OT
KP202203201404,46.694758,6.492948,6.381,527667,171942,-6381.0,2022,3,20,14,4,38.3,2.76,0,110,69,-174,18,84,-21,332,19,66,10,2,SS
KP202203250112,46.185521,7.612036,6.576,613388,114910,-6576.0,2022,3,25,1,12,47.3,2.38,0,90,69,-104,306,25,-57,337,63,191,23,1,NF
KP202205120547,46.368369,7.566872,6.019,609867,135229,-6019.0,2022,5,12,5,47,57.1,1.67,0,266,79,-150,169,60,-13,132,29,35,12,2,ON
KP202207040658,46.233893,7.616193,2.029,613697,120288,-2029.0,2022,7,4,6,58,40.5,3.06,0,86,52,-112,299,43,-64,296,72,191,5,1,NF
KP202207040831,46.234483,7.615611,2.048,613651,120353,-2048.0,2022,7,4,8,31,52.3,2.28,0,89,52,-111,302,43,-65,300,72,194,5,1,NF
KP202207091147,48.335574,8.916705,8.243,709614,354981,-8243.0,2022,7,9,11,47,30.3,4.17,0,176,53,-41,294,58,-134,148,53,54,4,9,ON
KP202208232229,46.150651,7.69976,6.4,620174,111052,-6400.0,2022,8,23,22,29,40.8,3.21,0,88,59,-129,325,48,-44,304,57,204,6,1,ON
KP202208311758,45.886543,6.886107,1.618,557104,81810,-1618.0,2022,8,31,17,58,41.6,2.56,0,159,62,-135,44,52,-37,16,51,279,6,1,ON
KP202209011157_1,47.118384,9.561399,2.039,761075,220778,-2039.0000000000002,2022,9,1,11,57,43.4,3.94,0,88,68,148,192,60,25,142,5,48,38,1,OT
KP202209101446,46.001863,7.269665,6.934,586909,94493,-6934.0,2022,9,10,14,46,31.0,2.55,0,61,68,-140,313,53,-28,283,43,184,9,1,ON
KP202209101558,47.67143,7.469455,12.453,602316,280089,-12453.0,2022,9,10,15,58,14.0,4.74,0,107,81,-152,13,62,-10,333,26,237,13,1,SS
KP202209101607,47.671662,7.46765,12.37,602180,280115,-12370.0,2022,9,10,16,7,46.0,2.78,0,108,77,-176,18,87,-13,332,11,64,7,1,SS
KP202209110400,47.671539,7.468047,12.264,602210,280101,-12264.0,2022,9,11,4,0,35.6,3.09,0,104,86,-175,14,85,-4,329,6,239,1,1,SS
KP202209132136,46.419121,8.704623,8.287,697325,141648,-8287.0,2022,9,13,21,36,34.7,2.42,0,55,60,-136,298,53,-39,270,52,175,4,1,ON
KP202209250618,45.959494,6.915625,2.343,559449,89904,-2343.0,2022,9,25,6,18,0.6,3.68,0,36,69,-163,300,74,-21,257,26,349,3,2,SS
KP202210020832,47.342652,6.992309,1.763,566272,243629,-1763.0,2022,10,2,8,32,27.7,2.64,0,82,41,81,273,50,97,358,4,230,83,2,TF
KP202210141533,47.116919,9.568906,2.104,761649,220630,-2104.0,2022,10,14,15,33,6.0,3.13,0,68,65,179,159,89,25,291,17,26,18,2,SS
KP202211011604,46.019132,5.82216,7.023,474816,97690,-7023.0,2022,11,1,16,4,59.0,3.37,0,263,68,176,355,87,22,127,13,221,18,2,SS
KP202211131633,45.870761,6.825377,5.012,552375,80091,-5012.0,2022,11,13,16,33,16.1,2.49,0,233,82,149,328,59,10,285,15,187,28,2,OT
KP202211272312,46.341767,7.571711,8.471,610245,132273,-8471.0,2022,11,27,23,12,32.3,2.5,0,68,67,130,183,45,34,131,13,24,51,1,OT
KP202211301101,46.318464,7.346615,3.393,592912,129678,-3393.0,2022,11,30,11,1,45.1,1.9,0,97,59,-177,6,87,-32,317,24,56,20,2,SS
KP202302141912,47.727397,7.621918,5.452,613752,286328,-5452.0,2023,2,14,19,12,54.4,2.69,0,262,84,152,355,62,7,312,15,215,24,2,SS
KP202303012102,46.690752,9.654036,5.855,769444,173451,-5855.0,2023,3,1,21,2,49.5,2.64,0,116,60,-123,349,43,-46,336,60,229,10,2,ON
KP202303042232,46.721638,7.05567,1.652,570722,174565,-1652.0,2023,3,4,22,32,34.3,2.73,0,261,82,-177,171,87,-8,126,7,216,4,2,SS
KP202303140333,47.670068,9.135187,24.141,727414,281314,-24141.0,2023,3,14,3,33,30.6,1.92,0,286,85,-158,194,68,-5,152,19,58,11,2,SS
KP202303162211,46.721005,7.056331,1.656,570772,174494,-1656.0,2023,3,16,22,11,51.0,3.02,0,258,82,-167,166,77,-8,123,15,32,3,2,SS
KP202303221450,47.371581,6.922991,5.384,561054,246878,-5384.0,2023,3,22,14,50,34.3,4.28,0,269,56,106,62,37,68,347,10,222,74,1,TF
KP202303271721,47.370687,6.914831,5.348,560438,246783,-5348.0,2023,3,27,17,21,15.6,3.03,2,97,88,-177,7,87,-2,322,4,232,0,2,SS
KP202304011056,46.315827,7.317482,4.662,590667,129388,-4662.0,2023,4,1,10,56,22.4,2.19,0,259,53,-117,119,45,-59,108,69,8,4,1,NF
KP202304160449,46.329191,7.36553,4.775,594370,130869,-4775.0,2023,4,16,4,49,54.1,2.23,0,47,83,99,173,12,36,129,37,328,51,1,TF
KP202305010334,47.369497,6.914892,5.357,560441,246650,-5357.0,2023,5,1,3,34,51.4,2.83,2,97,81,-179,7,89,-9,322,7,52,6,2,SS
KP202305291629,46.201033,7.618394,5.79,613875,116635,-5790.0,2023,5,29,16,29,57.0,3.07,0,116,13,-86,292,77,-91,201,58,23,32,1,NF
KP202305291916,47.371729,6.916358,5.092,560554,246898,-5092.0,2023,5,29,19,16,31.6,3.81,0,281,51,129,49,53,52,165,1,257,61,1,OT
KP202305301412,47.404655,8.177314,17.426,655758,250689,-17426.0,2023,5,30,14,12,15.6,2.4,0,312,88,164,43,74,2,359,10,266,13,1,SS
KP202306011248,47.672856,7.468376,12.35,602235,280248,-12350.0,2023,6,1,12,48,39.8,3.56,0,279,89,168,9,78,1,325,8,233,9,1,SS
KP202306271018,47.739569,8.906412,8.723,710090,288695,-8723.0,2023,6,27,10,18,25.7,3.14,1,129,78,-151,32,61,-14,354,29,258,11,2,SS
KP202306291557,47.740289,8.905018,8.868,709984,288773,-8868.0,2023,6,29,15,57,20.0,3.23,1,128,62,-157,26,70,-30,345,36,78,5,1,SS
KP202307141514,47.777173,8.792297,3.228,701460,292722,-3228.0,2023,7,14,15,14,59.5,2.06,0,139,81,-173,48,83,-9,3,11,94,1,2,SS
KP202307301157,46.598393,8.336781,8.819,668820,161185,-8819.0,2023,7,30,11,57,52.2,2.07,0,335,41,-124,196,57,-64,157,67,268,9,2,ON
KP202308121623,46.773943,9.391401,8.81,749131,182163,-8810.0,2023,8,12,16,23,38.3,2.3,0,102,70,177,193,87,20,326,12,59,16,2,SS
KP202308130100,46.627307,8.380881,7.54,672160,164439,-7540.0,2023,8,13,1,0,52.1,2.08,2,284,62,-124,159,43,-43,145,58,38,10,1,ON
KP202308172110,45.943957,7.216772,5.185,582793,88066,-5185.0,2023,8,17,21,10,59.7,2.86,0,44,55,-136,285,55,-45,254,54,345,0,2,ON
KP202308250110,47.740794,8.904609,8.901,709952,288828,-8901.0,2023,8,25,1,10,54.4,3.36,2,284,50,-167,185,80,-41,136,35,241,20,1,SS
KP202308261805,47.368221,6.915005,5.39,560449,246508,-5390.0,2023,8,26,18,5,15.6,2.76,2,96,81,-168,4,78,-10,321,15,230,2,2,SS
KP202308272032,47.368494,6.915347,5.279,560475,246538,-5279.0,2023,8,27,20,32,37.7,3.03,2,95,78,-175,4,85,-12,319,12,50,5,1,SS
KP202308281734,47.368596,6.915573,5.21,560492,246550,-5210.0,2023,8,28,17,34,14.4,2.61,2,91,81,-170,360,81,-9,316,13,226,0,2,SS
KP202308301623,47.740362,8.904412,9.034,709938,288780,-9034.0,2023,8,30,16,23,26.2,2.93,2,281,70,-148,179,60,-24,143,37,48,6,2,ON
KP202309020019,47.739979,8.904288,9.126,709930,288737,-9126.0,2023,9,2,0,19,10.6,2.93,2,288,55,-146,177,63,-41,139,47,234,5,1,ON
KP202309081604,47.739446,8.903984,9.126,709908,288677,-9126.0,2023,9,8,16,4,19.2,2.51,2,280,59,-154,176,68,-34,135,39,230,6,2,SS
KP202309120416,47.738711,8.904528,9.011,709951,288597,-9011.0,2023,9,12,4,16,9.7,2.42,2,265,65,-152,162,65,-28,124,37,34,0,2,SS
KP202309221347,47.741867,8.904976,8.777,709978,288948,-8777.0,2023,9,22,13,47,44.2,2.65,2,284,37,-156,175,76,-56,121,48,239,23,2,SS
KP202309240507,47.367724,6.915554,5.145,560490,246453,-5145.0,2023,9,24,5,7,13.1,3.14,2,99,72,-170,6,81,-18,321,20,53,6,1,SS
KP202311241902,47.343308,7.459425,18.3,601572,243606,-18300.0,2023,11,24,19,2,27.7,2.2,0,320,69,-151,218,63,-24,181,35,88,4,2,SS
KP202312291704,47.578132,7.342299,10.951,592753,269719,-10951.0,2023,12,29,17,4,55.3,2.51,0,296,58,-161,195,74,-34,151,35,248,10,2,SS
KP202401040638,46.820322,7.998453,5.388,642720,185615,-5388.0,2024,1,4,6,38,22.8,2.86,0,47,24,74,244,67,97,329,21,168,68,2,TF
KP202401100116,47.866573,7.650484,17.02,615854,301810,-17020.0,2024,1,10,1,16,13.5,2.19,0,288,37,-127,151,61,-66,104,65,224,13,1,ON
KP202401150231,47.740035,8.903446,8.624,709867,288742,-8624.0,2024,1,15,2,31,44.1,2.28,0,293,67,-179,203,89,-23,155,16,250,15,1,SS
KP202401181410,46.745417,9.626232,5.464,767149,179466,-5464.0,2024,1,18,14,10,9.2,3.07,0,112,48,-144,356,64,-49,315,52,57,10,1,ON
KP202402270121,47.365373,6.915189,5.135,560461,246192,-5135.0,2024,2,27,1,21,42.8,3.44,2,99,73,-175,8,85,-17,323,15,55,8,1,SS
KP202403080103,46.204971,7.313309,7.952,590326,117065,-7952.0,2024,3,8,1,3,32.0,1.39,0,222,76,-151,124,62,-16,86,30,350,9,2,SS
KP202403082258,47.671646,7.468376,12.824,602235,280113,-12824.0,2024,3,8,22,58,40.5,1.91,0,107,78,-180,17,90,-12,332,9,63,8,1,SS
KP202403100855,46.756489,9.277465,6.761,740477,180013,-6761.0,2024,3,10,8,55,55.5,1.59,0,229,35,144,349,70,60,101,20,222,55,2,OT
KP202403151121,46.177637,7.412961,6.418,598017,114019,-6418.0,2024,3,15,11,21,41.6,1.65,0,55,55,-127,288,49,-49,266,60,170,3,2,ON
KP202403180035,46.317558,7.339889,2.995,592394,129578,-2995.0,2024,3,18,0,35,48.2,2.13,1,276,70,-160,179,71,-21,137,28,227,1,2,SS
KP202403181552,46.401935,8.535724,8.209,684368,139542,-8209.0,2024,3,18,15,52,47.8,3.1,0,245,86,-161,154,72,-4,111,16,18,10,2,SS
KP202403271445,45.968788,7.942032,9.219,639021,90927,-9219.0,2024,3,27,14,45,57.8,2.6,0,254,57,-159,152,72,-34,109,37,206,10,1,SS
KP202404170351,47.762404,7.405004,18.556,597480,290205,-18556.0,2024,4,17,3,51,15.0,2.77,0,91,80,-176,360,86,-10,315,9,46,4,2,SS
KP202404172028,47.753367,8.925402,19.23,711485,290255,-19230.0,2024,4,17,20,28,16.9,2.94,0,131,80,-145,34,56,-12,359,31,258,16,1,ON
KP202404220135,46.839541,6.739989,0.683,546705,187838,-683.0,2024,4,22,1,35,55.3,3.78,2,86,82,177,176,87,8,311,4,41,8,1,SS
KP202405021204,46.294319,8.260079,3.776,663296,127321,-3776.0,2024,5,2,12,4,29.9,2.49,0,260,42,-102,95,49,-80,60,81,178,4,1,NF
KP202405061139,46.775291,7.223402,2.618,583561,180480,-2618.0,2024,5,6,11,39,16.0,2.79,0,261,84,-167,169,77,-6,126,13,35,5,2,SS
KP202405092125,46.038027,7.360512,6.82,593951,98502,-6820.0,2024,5,9,21,25,57.8,3.72,0,42,80,-150,306,61,-12,268,28,171,13,1,ON
KP202405211738,47.6718,7.468815,12.774,602268,280130,-12774.0,2024,5,21,17,38,38.2,2.8,0,280,88,175,11,85,2,326,2,235,5,1,SS
KP202406040034,47.05168,8.863604,-0.983,708268,212166,983.0,2024,6,4,0,34,32.7,4.42,0,49,39,121,191,57,67,297,10,53,69,1,OT
KP202406070436,45.928103,6.240066,4.986,507022,86991,-4986.0,2024,6,7,4,36,40.7,3.1,0,247,75,125,357,37,24,311,23,194,48,1,OT
KP202406080744,46.03913,7.357884,6.915,593747,98625,-6915.0,2024,6,8,7,44,7.6,2.77,0,50,65,-146,305,60,-29,269,41,176,3,2,ON
KP202406111939,46.36416,7.561834,6.503,609481,134761,-6503.0,2024,6,11,19,39,49.1,2.2,0,267,89,-139,176,49,-1,139,28,33,27,2,ON
KP202406270106,47.699652,7.965589,7.197,639557,283359,-7197.0,2024,6,27,1,6,52.1,4.25,1,117,75,-148,18,59,-18,341,33,244,11,1,ON
KP202407311647,47.247122,9.487684,1.502,755109,234937,-1502.0,2024,7,31,16,47,25.2,2.45,0,107,38,100,274,52,82,10,7,146,80,2,TF
KP202408120029,47.372965,6.914935,5.496,560447,247036,-5496.0,2024,8,12,0,29,44.7,2.2,0,264,66,126,23,43,37,328,13,219,54,1,OT
KP202408141110,47.366136,6.914795,5.454,560431,246277,-5454.0,2024,8,14,11,10,4.3,2.59,2,97,72,168,191,78,19,323,4,55,21,2,SS
KP202408161044,46.227801,7.8648,2.973,632878,119684,-2973.0,2024,8,16,10,44,35.5,1.89,0,83,33,-130,307,66,-68,253,63,21,18,1,ON
KP202408170100,47.216961,9.621474,1.346,765327,231858,-1346.0,2024,8,17,1,0,7.9,2.52,0,105,49,130,233,55,53,348,3,84,61,2,OT
KP202408180305,46.405852,7.490189,3.614,603964,139390,-3614.0,2024,8,18,3,5,1.6,1.89,1,106,75,-160,11,70,-16,329,25,238,3,2,SS
KP202408191035,46.414513,7.536506,2.085,607524,140356,-2085.0,2024,8,19,10,35,57.3,2.17,1,308,50,-159,204,74,-42,158,40,261,15,1,SS
KP202408241056,47.586434,8.972486,20.86,715378,271765,-20860.0,2024,8,24,10,56,48.6,1.55,0,332,60,-100,172,32,-73,217,73,70,14,1,NF
KP202408300513,46.409413,7.550561,3.313,608606,139790,-3313.0,2024,8,30,5,13,27.8,1.71,1,310,50,-126,179,52,-55,154,63,245,1,2,ON
KP202409021626,46.397394,7.444631,2.837,600461,138448,-2837.0,2024,9,2,16,26,59.5,1.81,0,239,75,153,337,64,17,290,7,196,30,2,SS
KP202409040129,47.132075,7.177318,11.507,580174,220155,-11507.0,2024,9,4,1,29,38.1,2.19,1,301,63,-138,188,53,-35,159,48,63,6,2,ON
KP202409082231,45.97889,7.484959,1.624,603589,91926,-1624.0,2024,9,8,22,31,5.7,2.54,0,62,39,175,156,87,51,277,31,33,36,1,SS
KP202409111812,47.364288,6.915757,5.042,560503,246071,-5042.0,2024,9,11,18,12,33.5,2.59,2,101,67,174,194,85,24,325,13,60,20,2,SS
KP202409180557,46.531769,8.038788,10.0,646043,153562,-10000.0,2024,9,18,5,57,26.6,1.78,0,329,40,-57,109,57,-114,330,68,217,9,2,ON
KP202409210619,47.517978,7.551329,9.432,608489,263032,-9432.0,2024,9,21,6,19,31.5,2.34,0,277,27,-163,172,82,-64,108,47,240,32,2,SS
KP202409220221,46.363775,7.561955,6.566,609490,134718,-6566.0,2024,9,22,2,21,57.9,1.13,0,65,69,132,176,46,30,126,14,19,48,2,OT
KP202409261738,46.538527,7.854111,1.535,631871,154221,-1535.0,2024,9,26,17,38,11.5,3.47,0,72,52,104,231,40,73,153,6,35,78,1,TF
KP202410022218,47.36572,6.915374,4.994,560475,246230,-4994.0,2024,10,2,22,18,46.8,2.16,0,100,78,-158,5,69,-13,324,24,231,6,2,SS
KP202410100633,46.165758,7.058782,5.18,570660,112770,-5180.0,2024,10,10,6,33,17.4,2.66,0,262,90,-166,172,76,0,128,10,36,10,2,SS
KP202410160115,47.168881,9.981749,1.939,792778,227338,-1939.0,2024,10,16,1,15,43.5,3.12,0,292,78,-149,195,60,-14,158,30,60,12,1,ON
KP202410300022,47.892358,7.85795,11.645,631363,304739,-11645.0,2024,10,30,0,22,30.5,2.13,0,78,76,-171,345,81,-15,301,17,32,4,2,SS
KP202410300130,46.310412,8.870411,13.897,710289,129784,-13897.0,2024,10,30,1,30,30.4,1.83,0,107,52,-138,348,59,-47,313,54,49,4,2,ON
KP202411100838,46.229806,7.634922,4.382,615142,119837,-4382.0,2024,11,10,8,38,57.1,2.55,0,96,64,-98,294,27,-74,349,70,192,18,1,NF
KP202411192157,45.819188,7.125178,5.035,575634,74220,-5035.0,2024,11,19,21,57,26.9,2.69,0,19,44,-168,280,82,-47,228,37,338,24,2,SS
KP202411240234,47.661265,9.065048,4.238,722167,280224,-4238.0,2024,11,24,2,34,31.5,2.69,0,326,40,-126,189,59,-64,148,65,261,10,1,ON
KP202411280030,46.325876,7.386387,3.999,595976,130499,-3999.0,2024,11,28,0,30,19.0,2.18,0,279,73,-136,174,49,-22,146,42,41,15,2,ON
KP202412032108,47.364598,6.914934,5.334,560441,246106,-5334.0,2024,12,3,21,8,41.2,2.31,0,282,75,135,27,47,21,341,17,234,42,1,OT
KP202412091641,45.86738,7.00267,3.776,566141,79623,-3776.0,2024,12,9,16,41,44.8,2.61,0,236,74,-113,114,27,-36,118,55,344,26,2,NF
KP202412120431_1,46.047192,7.920522,7.94,637300,99632,-7940.0,2024,12,12,4,31,24.8,2.37,0,125,37,-85,299,53,-93,193,81,32,8,2,NF
KP202412130724,46.324257,7.393342,3.719,596511,130319,-3719.0,2024,12,13,7,24,30.5,2.25,0,282,70,-135,174,48,-27,147,45,43,13,2,ON
KP202412161518,46.530417,10.320743,4.864,821072,157297,-4864.0,2024,12,16,15,18,24.8,2.89,0,102,65,-122,337,40,-42,327,58,214,14,1,ON
KP202412201517,47.594285,9.08485,14.581,723810,272809,-14581.0,2024,12,20,15,17,11.2,2.36,0,128,76,-143,28,54,-17,354,36,254,14,2,ON
KP202412251958,46.179801,7.474623,6.332,602778,114260,-6332.0,2024,12,25,19,58,7.4,1.65,0,56,77,-155,320,66,-14,280,27,187,7,1,SS
KP202412252042,47.837478,7.4537,2.08,601129,298553,-2080.0,2024,12,25,20,42,58.1,2.73,0,113,83,169,204,79,7,159,3,68,13,1,SS
KP202412292226,47.834675,7.451524,2.119,600966,298241,-2119.0,2024,12,29,22,26,23.1,2.76,0,114,81,170,205,80,9,160,0,69,13,1,SS
KP202501060856,46.337028,8.542762,8.635,685010,132335,-8635.0,2025,1,6,8,56,49.3,2.32,0,266,44,-146,150,67,-52,105,52,213,14,1,ON
KP202501150411,46.524608,6.753709,3.402,547445,152820,-3402.0,2025,1,15,4,11,13.5,2.32,0,88,53,-165,349,78,-38,302,34,44,16,2,SS
KP202502080753,45.930862,7.041205,4.992,569169,86664,-4992.0,2025,2,8,7,53,7.3,2.28,1,72,63,-110,291,33,-56,305,66,176,16,2,NF
KP202502262351,45.805231,7.430421,8.071,599360,72619,-8071.0,2025,2,26,23,51,39.1,3.11,0,249,43,-89,67,47,-91,315,88,158,2,1,NF
KP202503011238,47.407923,9.647411,28.687,766693,253136,-28687.0,2025,3,1,12,38,33.8,2.91,0,308,75,-151,210,62,-17,172,31,77,8,2,SS
KP202503210205,45.804504,7.434196,7.992,599653,72539,-7992.0,2025,3,21,2,5,14.1,2.58,0,81,40,-114,292,54,-71,255,73,8,7,1,NF
KP202503261511,46.163514,7.396037,2.644,596709,112450,-2644.0,2025,3,26,15,11,57.3,2.39,0,274,28,-116,123,65,-77,58,67,203,19,1,NF
KP202503280423,47.709831,7.585948,17.085,611057,284369,-17085.0,2025,3,28,4,23,23.1,2.72,0,319,36,-121,175,60,-70,127,68,251,12,1,ON
KP202504190827,46.047326,7.92142,7.987,637370,99647,-7987.0,2025,4,19,8,27,21.2,2.6,0,313,36,-96,140,54,-86,67,80,227,9,1,NF
KP202504230621,47.773089,8.802297,8.122,702217,292280,-8122.0,2025,4,23,6,21,45.4,2.51,0,305,71,-159,208,70,-20,167,28,76,0,2,SS
KP202504271705,45.874179,6.98776,7.036,564987,80385,-7036.0,2025,4,27,17,5,19.2,2.12,0,237,68,-149,134,61,-25,97,37,4,4,1,ON
KP202504292228,47.344785,6.952362,1.193,563254,243884,-1193.0,2025,4,29,22,28,3.5,2.56,0,274,56,99,77,35,77,357,10,215,77,1,TF
KP202504300146,47.345235,6.949349,1.03,563027,243936,-1030.0,2025,4,30,1,46,7.1,2.1,0,280,56,101,81,36,74,2,10,224,76,1,TF
KP202504301901,45.807177,7.434093,8.426,599646,72836,-8426.0,2025,4,30,19,1,10.8,2.54,0,69,53,-113,284,42,-62,282,71,175,6,1,NF
KP202505041130,46.531824,7.987818,7.618,642133,153539,-7618.0,2025,5,4,11,30,13.9,3.1,0,84,79,-157,349,67,-11,309,24,215,8,1,SS
KP202505060140,45.3941,5.99641,2.998,487030,27952,-2998.0,2025,5,6,1,40,7.7,3.79,0,169,54,50,45,52,132,286,1,18,58,9,OT
KP202505121806,47.923103,7.624506,11.132,613895,308091,-11132.0,2025,5,12,18,6,0.8,2.66,0,257,62,-150,151,64,-32,113,40,204,1,2,ON
KP202505172351,46.328323,7.427655,3.485,599154,130770,-3485.0,2025,5,17,23,51,44.7,1.67,0,261,78,-160,167,71,-13,125,22,33,5,2,SS
KP202505200404,46.181818,7.460913,2.494,601719,114484,-2494.0,2025,5,20,4,4,35.1,1.52,0,97,32,-99,288,58,-84,215,76,13,13,1,NF
KP202505280250,47.13954,6.988021,11.405,565818,221050,-11405.0,2025,5,28,2,50,51.7,2.08,0,280,53,-133,158,54,-48,129,57,219,0,1,ON
KP202506091429,47.369149,6.914776,5.575,560432,246612,-5575.0,2025,6,9,14,29,18.7,2.14,2,100,66,177,191,87,24,323,15,58,18,2,SS
KP202506091429_1,47.368513,6.914627,5.565,560420,246541,-5565.0,2025,6,9,14,29,41.9,2.61,2,100,67,175,192,86,23,324,13,58,19,2,SS
KP202506230306,47.388231,6.959244,16.896,563804,248712,-16896.0,2025,6,23,3,6,8.8,1.7,0,316,61,-125,191,44,-44,176,58,70,10,2,ON
KP202507172013,46.540297,7.859879,1.546,632312,154420,-1546.0,2025,7,17,20,13,35.0,2.31,0,236,30,73,76,62,100,158,16,8,72,2,TF
KP202507211052,46.541464,7.858235,1.507,632186,154549,-1507.0,2025,7,21,10,52,16.8,4.18,0,70,59,106,221,35,65,149,13,17,71,1,TF
KP202507221551,46.540476,7.849653,1.582,631528,154436,-1582.0,2025,7,22,15,51,21.2,3.29,0,281,22,150,40,79,71,146,31,288,52,1,OT
KP202507281348,47.615794,7.824749,4.987,629030,273974,-4987.0,2025,7,28,13,48,21.4,3.08,0,309,74,-124,198,38,-27,182,49,65,22,2,ON
KP202507290942,47.615546,7.825693,5.063,629102,273946,-5063.0,2025,7,29,9,42,56.7,2.62,0,310,76,-123,199,36,-25,185,49,65,23,2,ON
KP202507300142,47.299828,8.432492,3.923,675166,239247,-3923.0,2025,7,30,1,42,35.1,2.97,0,107,65,176,198,87,25,330,15,65,20,1,SS
KP202508200046,45.879356,7.000952,1.206,566015,80955,-1206.0,2025,8,20,0,46,37.8,2.7,0,353,59,-162,253,74,-33,209,34,306,10,2,SS
KP202508210433,47.615847,7.824157,4.974,628986,273979,-4974.0,2025,8,21,4,33,41.0,1.96,0,311,77,-117,198,30,-26,190,50,62,27,2,NF
KP202508210751,46.134772,7.385117,4.122,595863,109255,-4122.0,2025,8,21,7,51,55.8,2.04,0,78,43,-100,272,47,-81,249,83,356,2,2,NF
KP202509020749,46.743125,10.532554,10.37,836378,181543,-10370.0,2025,9,2,7,49,51.8,3.78,0,107,63,117,238,37,48,177,14,60,62,1,TF
KP202509051516,47.367672,6.914851,5.456,560437,246447,-5456.0,2025,9,5,15,16,44.0,2.24,0,101,62,179,191,89,28,323,18,60,20,2,SS
KP202509090443,47.803765,9.030478,18.567,719249,296013,-18567.0,2025,9,9,4,43,4.7,2.66,0,318,58,-179,227,89,-32,178,22,277,21,2,SS
KP202510101041,46.324294,7.378798,3.782,595391,130324,-3782.0,2025,10,10,10,41,7.5,1.81,0,260,68,-151,158,63,-24,120,35,28,3,2,SS
KP202510101853,46.365506,7.566186,6.51,609815,134911,-6510.0,2025,10,10,18,53,37.9,2.17,0,56,83,168,147,78,8,102,3,11,14,2,SS
KP202510300130,46.475916,7.817734,8.192,629114,147247,-8192.0,2025,10,30,1,30,58.8,1.2,0,273,79,-161,180,72,-11,137,21,46,5,2,SS
KP202510310348,45.8954,7.010344,6.843,566754,82735,-6843.0,2025,10,31,3,48,15.7,2.1,0,240,87,169,331,79,4,286,5,195,10,2,SS
KP202511141939,45.895607,7.009423,6.495,566683,82758,-6495.0,2025,11,14,19,39,49.2,2.61,0,51,83,-172,320,82,-7,275,11,185,1,2,SS
KP202511150609,45.894429,7.010876,6.611,566795,82626,-6611.0,2025,11,15,6,9,47.1,2.67,0,61,76,-174,330,84,-14,285,14,16,6,1,SS
KP202511182332,45.894582,7.010778,6.66,566787,82643,-6660.0,2025,11,18,23,32,35.8,2.23,0,54,89,-169,324,79,-1,280,9,189,7,2,SS
KP202511190031,45.895435,7.009903,6.631,566720,82739,-6631.0,2025,11,19,0,31,47.3,2.92,0,52,90,-175,322,85,0,277,3,187,3,1,SS
KP202512030729,46.580462,8.42685,9.154,675746,159275,-9154.0,2025,12,3,7,29,48.2,2.07,0,86,86,170,177,80,4,132,4,41,10,1,SS
KP202512052354,47.391169,9.295469,6.611,740182,250585,-6611.0,2025,12,5,23,54,19.1,3.05,0,114,76,-179,23,89,-14,338,10,69,9,1,SS
KP202512091511,47.270766,9.711525,5.705,771972,238031,-5705.0,2025,12,9,15,11,41.1,2.51,0,114,28,144,236,74,67,344,25,117,55,2,OT
KP202512222210,45.91467,7.03857,7.289,568956,84865,-7289.0,2025,12,22,22,10,24.8,2.32,0,252,86,-173,161,83,-4,117,8,27,2,2,SS
KP202512310315,47.698011,7.967514,7.052,639702,283178,-7052.0,2025,12,31,3,15,40.1,2.35,1,104,62,-139,352,55,-35,321,48,227,4,2,ON
KP202601120127,47.675033,7.4697,12.65,602334,280490,-12650.0,2026,1,12,1,27,39.9,2.39,0,80,71,179,171,89,19,304,12,37,14,2,SS
KP202601120307,45.74901,6.878104,2.884,556373,66526,-2884.0,2026,1,12,3,7,42.4,2.96,0,59,38,-97,248,53,-84,185,81,334,7,1,NF
KP202601120628,45.749357,6.878506,2.858,556404,66564,-2858.0,2026,1,12,6,28,49.6,3.78,0,60,36,-97,248,54,-85,180,80,335,9,1,NF
KP202601202021,45.95265,7.73026,1.818,622612,89050,-1818.0,2026,1,20,20,21,45.9,3.6,0,238,79,159,332,69,12,286,7,193,23,1,SS
