ID,LAT,LON,DEPTH,X,Y,Z,YR,MO,DY,HR,MI,SC,MAG,A,Strike1,Dip1,Rake1,Strike2,Dip2,Rake2,Pazim,Pdip,Tazim,Tdip,Q,Type,Loc
,50.2047,12.4516,9.822,,,,2008,10,7,19,20,,2.3,1,283.81,66.2,-144.9,177.98,58.26,-28.33,306.34,-41.1,220.69,4.97,1,,
,50.2063,12.4516,9.887,,,,2008,10,7,20,21,,2.1,1,158.66,78.55,-32.47,255.86,58.26,-166.5,157.34,30.83,239.17,-13.4,1,,
,50.2059,12.4524,9.7,,,,2008,10,7,23,49,,2.2,1,153.14,79,-28.65,249.09,61.92,-167.51,162.27,27.89,66.14,11.41,1,,
,50.2065,12.4517,9.851,,,,2008,10,8,0,14,,2.3,1,158.17,79.31,-31.27,254.6,59.33,-167.54,157.87,29.46,240.22,-13.27,1,,
,50.2014,12.4511,10.048,,,,2008,10,8,0,56,,2.1,1,167.61,68.08,-25.63,267.76,66.34,-155.95,322.75,-33.21,232.01,-1.13,1,,
,50.2039,12.4539,9.332,,,,2008,10,8,1,15,,2.1,1,157.95,85.99,-28.04,250.08,62.04,-175.46,159.59,22.4,62.63,16.39,1,,
,50.2021,12.454,9.835,,,,2008,10,8,1,27,,2.4,1,256.04,69.19,-159.41,158.44,70.81,-22.1,153.1,28.93,62.5,1.08,1,,
,50.2084,12.4507,9.67,,,,2008,10,8,2,32,,2.4,1,252.82,58.86,-159.49,151.87,72.55,-32.83,161.41,35.29,65.09,8.84,1,,
,50.2051,12.4526,9.698,,,,2008,10,8,3,40,,2.1,1,180.66,67.58,-33.85,285.01,59,-153.58,129.95,39.33,35.49,5.42,1,,
,50.2115,12.4507,9.284,,,,2008,10,8,16,55,,2.1,1,165.26,78.54,-33.61,262.78,57.15,-166.32,150.99,31.61,52.12,14.07,1,,
,50.212,12.4504,9.66,,,,2008,10,9,20,3,,2.1,1,255.38,60.46,-157.48,153.83,70.53,-31.53,158.21,35.75,63.52,6.49,1,,
,50.2116,12.4507,9.717,,,,2008,10,9,21,53,,2.5,1,161.45,65.19,-38.65,270,55.47,-149.37,328.13,-44.23,232.28,-5.98,1,,
,50.2127,12.4504,9.641,,,,2008,10,9,22,15,,2.5,1,163.22,79.59,-32.06,259.67,58.52,-167.77,333.11,-29.8,234.92,-13.97,1,,
,50.2113,12.4509,9.407,,,,2008,10,9,22,20,,2.7,1,154.15,76.49,-28.77,251.45,62.09,-164.67,160.3,29.74,64.79,9.54,1,,
,50.2128,12.45,9.372,,,,2008,10,9,22,20,,3.6,1,167.12,79.49,-30.75,263.31,59.82,-167.82,148.88,28.98,51.48,13.09,1,,
,50.2112,12.4507,9.284,,,,2008,10,10,0,39,,3,1,246.33,72.11,179.44,336.5,89.47,17.89,160,12.16,67.16,12.93,1,,
,50.215,12.4494,9.832,,,,2008,10,10,1,49,,2.1,1,261.53,59.32,-172.16,167.51,83.27,-30.92,149.88,26.34,51.65,16.13,1,,
,50.2161,12.4499,9.235,,,,2008,10,10,2,16,,2.1,1,215.28,81.76,-14.91,307.46,75.25,-171.48,99.32,16.34,187.99,-4.51,1,,
,50.2151,12.4499,9.883,,,,2008,10,10,2,35,,2.2,1,259.19,60.85,-173.84,166.18,84.62,-29.29,151.26,24.25,233.76,-16.15,1,,
,50.2166,12.4499,8.959,,,,2008,10,10,3,2,,2.4,1,255.14,59.82,-168.71,159.41,80.25,-30.67,156.86,28.37,239.34,-13.64,1,,
,50.2162,12.4502,8.94,,,,2008,10,10,3,3,,2.5,1,158.43,78.57,-35.17,256.38,55.63,-166.11,158.22,32.64,238.33,-15.02,1,,
,50.2159,12.45,9.098,,,,2008,10,10,3,18,,2.4,1,312.14,24.51,-171.45,214.35,86.46,-65.73,122.07,43.39,346.95,36.85,1,,
,50.2066,12.4535,9.072,,,,2008,10,10,3,23,,2.7,1,162.59,81.58,-16.13,255.02,74.05,-171.24,152.05,17.33,60.42,5.21,1,,
,50.2026,12.4544,9.03,,,,2008,10,10,3,44,,2.1,1,161.32,70.56,-16.73,257.03,74.25,-159.77,150.18,25.3,241.35,2.49,1,,
,50.2079,12.4502,10.296,,,,2008,10,10,3,45,,2.1,1,265.89,58.21,-138.25,150.71,55.53,-39.71,150.32,50.6,62.26,-1.59,1,,
,50.2072,12.4537,8.98,,,,2008,10,10,3,46,,2.1,1,160.51,76.16,-31.44,258.83,59.57,-163.89,154.25,31.82,57.4,10.89,1,,
,50.2178,12.4489,9.359,,,,2008,10,10,3,48,,2.3,1,161.99,62.36,-29.37,266.63,64.25,-148.99,145.08,39.44,56.06,-1.19,1,,
,50.2041,12.4543,9.032,,,,2008,10,10,3,57,,2.2,1,160.71,70.36,-23.67,259.1,67.79,-158.71,150.67,30.33,239.67,-1.7,1,,
,50.2151,12.4497,9.762,,,,2008,10,10,4,13,,2.3,1,171.32,89.79,-32.49,261.46,57.51,-179.75,328.48,-22.48,228.77,-22.16,1,,
,50.2125,12.4509,9.211,,,,2008,10,10,4,26,,2.3,1,169.3,80.67,-33.26,265.37,57.24,-168.89,327.74,-29.82,228.56,-15.55,1,,
,50.2167,12.4487,9.512,,,,2008,10,10,4,52,,2.8,1,171.92,80.39,-32.58,268.01,57.94,-168.64,324.84,-29.57,226.15,-14.91,1,,
,50.2182,12.4491,9.307,,,,2008,10,10,5,13,,2.6,1,268.55,60.96,-164.52,170.9,76.51,-29.95,323.75,-30.55,227.62,-10.27,1,,
,50.2111,12.4514,9.2,,,,2008,10,10,6,27,,2.5,1,164.09,81.03,-30.74,259.39,59.68,-169.59,152.48,27.86,234.75,-14.29,1,,
,50.2071,12.4533,9.039,,,,2008,10,10,6,34,,2.8,1,164.22,77.22,-24.87,260.07,65.79,-165.97,149.98,26.51,56.12,7.68,1,,
,50.2172,12.4491,9.628,,,,2008,10,10,8,12,,2.5,1,167.02,86.63,-27.84,258.8,62.21,-176.19,150.65,21.79,53.74,16.74,1,,
,50.2056,12.4527,9.869,,,,2008,10,10,8,13,,2.1,1,252.02,59.37,-162.24,152.75,74.78,-31.88,161.47,33.08,64.83,10.06,1,,
,50.2167,12.45,9.217,,,,2008,10,10,8,30,,2.3,1,171.62,81.57,-34.24,267.32,56.18,-169.84,326.02,-29.82,226.03,-16.85,1,,
,50.2175,12.4488,9.361,,,,2008,10,10,8,43,,2.3,1,171.41,80.36,-31.02,267.16,59.46,-168.78,144.98,28.53,227.23,-13.94,1,,
,50.2054,12.4534,9.058,,,,2008,10,10,9,55,,2.3,1,163.91,75.74,-16.04,257.96,74.46,-165.19,149.25,21.32,58.91,0.87,1,,
,50.2189,12.4486,9.405,,,,2008,10,10,11,18,,2.1,1,263.57,58.17,-159.74,162.55,72.89,-33.5,151.02,35.52,234.16,-9.49,1,,
,50.2185,12.4489,9.389,,,,2008,10,10,11,18,,3.3,1,267.51,58.96,-166.22,170.3,78.22,-31.78,325.41,-30.59,227.74,-12.73,1,,
,50.2204,12.4485,9.336,,,,2008,10,10,12,18,,2.2,1,172.55,79.86,-33.66,269.24,56.93,-167.87,324.26,-30.68,225.02,-15.15,1,,
,50.2208,12.4486,9.31,,,,2008,10,10,12,33,,2.1,1,175.48,86.02,-34.01,268.15,56.08,-175.21,323.67,-26.34,223.17,-20.21,1,,
,50.221,12.4486,9.33,,,,2008,10,10,12,48,,2.1,1,178.86,85.58,-31.51,271.57,58.59,-174.81,319.44,-25.02,220.56,-18.3,1,,
,50.2128,12.4481,9.92,,,,2008,10,10,14,12,,2.1,1,195.87,60.47,-33.13,303.7,61.6,-145.92,109.78,43.22,200.44,0.7,1,,
,50.2216,12.4487,9.307,,,,2008,10,10,14,28,,2.3,1,168.75,80.18,-31.56,264.73,58.96,-168.51,327.69,-29.03,49.66,14.13,1,,
,50.2164,12.4494,9.347,,,,2008,10,10,14,52,,2.2,1,264.89,59.57,-164.19,166.73,76.41,-31.4,148.14,31.62,51.22,11.07,1,,
,50.213,12.45,9.959,,,,2008,10,10,16,20,,2.7,1,197.4,68.57,-45.98,308.11,47.98,-150.54,116.47,47.03,192.81,-12.41,1,,
,50.2138,12.4492,9.938,,,,2008,10,10,17,55,,2.4,1,200.35,66.27,-66.21,332.74,33.11,-132.54,303.25,-61.27,357.09,17.92,1,,
,50.218,12.4486,9.391,,,,2008,10,10,19,8,,3,1,168.11,79.32,-31.31,264.55,59.29,-167.55,147.94,29.48,50.26,13.3,1,,
,50.2161,12.4489,9.507,,,,2008,10,10,19,14,,2.6,1,167.81,84.5,-26.94,260.6,63.19,-173.84,149.07,22.75,52.83,14.54,1,,
,50.2211,12.4484,9.308,,,,2008,10,10,21,41,,2.7,1,171.66,82.58,-33.56,266.55,56.75,-171.12,326.18,-28.62,226.43,-17.24,1,,
,50.2207,12.4485,9.345,,,,2008,10,10,22,19,,2.6,1,171.74,78.1,-26.89,267.71,63.74,-166.7,143.05,27.31,228.03,-9.62,1,,
,50.2193,12.4489,9.324,,,,2008,10,10,22,36,,2.2,1,268.5,56.48,-163.37,169.14,76.2,-34.65,146.31,34,227.49,-12.81,1,,
,50.2169,12.4507,8.446,,,,2008,10,11,1,34,,2.3,1,159.82,79.58,-37.89,257.83,52.84,-166.88,158.05,33.71,235.97,-17.41,1,,
,50.2247,12.4471,9.305,,,,2008,10,11,4,6,,2.3,1,253.67,59.86,174.58,346.4,85.32,30.25,153.83,17.29,55.72,24.38,1,,
,50.2242,12.4473,9.135,,,,2008,10,11,5,7,,2.4,1,256.71,60.33,169.99,351.7,81.32,30.05,149.17,14.08,231.77,-27.18,1,,
,50.2242,12.4468,8.896,,,,2008,10,11,5,13,,2.3,1,252.41,61.79,169.95,347.2,81.16,28.58,153.21,13.03,56.64,26.29,1,,
,50.2237,12.4468,8.981,,,,2008,10,11,5,55,,2.5,1,253.66,58.32,176.31,345.6,86.86,31.73,154.78,19.43,55.65,24.21,1,,
,50.223,12.4481,9.293,,,,2008,10,11,8,34,,2.1,1,352.37,80.61,32.69,256.4,57.8,168.88,329.57,-15.15,230.76,-29.48,1,,
,50.2128,12.4476,10.355,,,,2008,10,12,6,35,,2.3,1,302.78,52.76,-140.23,186.05,59.38,-44.68,119.2,52,204.21,-3.89,1,,
,50.2134,12.4508,9.112,,,,2008,10,12,6,39,,2.8,1,261.81,62.94,-165.52,165.11,77.14,-27.82,329.45,-28.63,234.24,-9.45,1,,
,50.2097,12.4526,8.732,,,,2008,10,12,7,8,,2.3,1,164.25,78.03,-29.79,261.02,60.92,-166.27,330.99,-29.36,234.5,-11.36,1,,
,50.2081,12.4535,8.675,,,,2008,10,12,7,15,,2.2,1,256.42,64.26,-155.96,155.46,68.47,-27.84,155.18,34.51,63.3,2.73,1,,
,50.204,12.4546,8.99,,,,2008,10,12,7,19,,2.9,1,164.26,76.81,-22.89,259.76,67.75,-165.73,149.59,25.41,236.67,-6.11,1,,
,50.2059,12.4533,9.255,,,,2008,10,12,7,20,,2.3,1,161.44,86.8,-27.83,253.12,62.22,-176.38,156.27,21.66,239.36,-16.87,1,,
,50.205,12.4543,8.944,,,,2008,10,12,7,35,,2.3,1,162.01,76.43,-22.54,257.57,68.12,-165.35,151.67,25.43,59,5.6,1,,
,50.2008,12.4552,9.75,,,,2008,10,12,7,56,,2.2,1,257.45,66.4,-156.21,157.45,68.31,-25.53,153.03,32.99,62.22,1.24,1,,
,50.2089,12.4533,8.603,,,,2008,10,12,7,56,,2.1,1,159.28,65.6,-36.47,266.26,57.23,-150.57,150.31,42.44,235.54,-5.2,1,,
,50.2026,12.4543,9.455,,,,2008,10,12,8,19,,2.2,1,167.36,77.66,-27.89,263.82,62.81,-166.1,147.41,28.31,232.02,-9.9,1,,
,50.2012,12.4546,9.586,,,,2008,10,12,9,24,,2.2,1,164.52,73.44,-38.29,267.2,53.56,-159.25,150.37,38.43,230.14,-12.62,1,,
,50.2015,12.4545,9.403,,,,2008,10,12,9,28,,2.2,1,166.92,73.39,-34.22,267.92,57.39,-160.17,147.04,35.68,49.54,10.31,1,,
,50.2095,12.4514,9.689,,,,2008,10,12,11,42,,2.1,1,313.1,57.78,-144.71,202.42,60.74,-37.68,103.51,46.27,191.63,-1.8,1,,
,50.2139,12.45,9.242,,,,2008,10,12,12,9,,2.5,1,167.62,82.35,-34.29,262.81,56.05,-170.77,150.33,29.27,50.15,17.5,1,,
,50.2098,12.4504,9.52,,,,2008,10,12,13,15,,2.1,1,157.3,78.91,-35.22,255.04,55.53,-166.51,159.51,32.43,239.49,-15.32,1,,
,50.1974,12.4568,9.301,,,,2008,10,12,14,39,,2.2,1,164.45,82.56,-21.31,257.34,68.88,-172.03,150.94,20.27,57.44,9.4,1,,
,50.1976,12.4565,9.225,,,,2008,10,12,14,48,,2.5,1,162.63,80.92,-19.61,255.84,70.65,-170.38,152.14,20.24,59.53,7.05,1,,
,50.1974,12.4573,9.08,,,,2008,10,12,14,49,,2.3,1,162.05,79.37,-15.36,254.95,74.91,-168.99,152.04,18.33,61.02,3.08,1,,
,50.2015,12.4562,8.71,,,,2008,10,12,15,9,,2.8,1,164.01,74.42,-24.35,260.94,66.6,-162.99,149.09,28.08,56.3,5.22,1,,
,50.1981,12.4566,9.394,,,,2008,10,12,15,45,,2.1,1,349.61,86.28,27.04,257.71,63.02,175.82,149.47,15.96,233,-21.51,1,,
,50.2152,12.4494,9.543,,,,2008,10,12,16,20,,2.3,1,175.15,81.19,-32.73,270.77,57.7,-169.56,321.95,-29.09,223,-15.64,1,,
,50.2142,12.4471,10.443,,,,2008,10,12,17,15,,2.2,1,294.82,57.07,-145.55,184.36,61.65,-38.15,122.36,46.07,209.46,-2.79,1,,
,50.214,12.4459,10.295,,,,2008,10,12,22,39,,2.3,1,292.12,59.78,-144.77,182.55,60.1,-35.5,302.8,-45.1,212.6,-0.2,1,,
,50.2143,12.4456,10.391,,,,2008,10,12,22,43,,2.2,1,298.03,56.89,-143.57,186.07,60.17,-39.03,119.44,47.56,207.27,-1.98,1,,
,50.214,12.4461,10.373,,,,2008,10,13,1,42,,2.9,1,303.4,53.13,-137.86,184.91,57.53,-45.32,118.41,53.5,204.94,-2.56,1,,
,50.2107,12.448,10.202,,,,2008,10,13,1,46,,2.1,1,275.29,40.56,-128.54,141.65,59.43,-61.93,169.57,63.75,238.11,-10.23,1,,
,50.2143,12.4496,9.426,,,,2008,10,14,4,1,,3.1,1,265.72,61.69,-165.64,168.8,77.39,-29.08,146.06,29.32,50.13,10.42,1,,
,50.2166,12.449,9.574,,,,2008,10,14,5,49,,2.7,1,255.67,64.47,-176.62,164.22,86.95,-25.57,153.03,20.02,237.23,-15.49,1,,
,50.2198,12.45,8.411,,,,2008,10,14,10,6,,2.1,1,167.88,87.18,-32.54,259.68,57.51,-176.65,151.19,24.5,51.55,20.19,1,,
,50.2167,12.4508,8.425,,,,2008,10,14,10,34,,2.3,1,156.71,77.96,-37.56,255.82,53.4,-164.94,160.32,34.68,238.94,-15.91,1,,
,50.2194,12.4479,9.511,,,,2008,10,14,10,47,,2.2,1,153.65,70.43,-29.99,254.59,61.9,-157.68,158.17,34.74,64.32,5.52,1,,
,50.2172,12.4489,9.79,,,,2008,10,14,11,8,,2.2,1,253.2,62.59,177.38,344.41,87.67,27.43,334.51,-17.27,237.74,-20.75,1,,
,50.2103,12.4532,8.578,,,,2008,10,14,19,0,,3.8,1,159.15,67.05,-32.66,263.18,60.2,-153.3,151.01,38.84,57.51,4.34,1,,
,50.2101,12.4527,8.697,,,,2008,10,14,19,14,,2.1,1,160.52,72.2,-12.85,254.51,77.78,-161.77,151.68,21.46,63.18,-3.81,1,,
,50.2046,12.4557,8.509,,,,2008,10,15,3,38,,2.3,1,159.44,71.93,-30.14,259.65,61.49,-159.33,153.15,33.84,58.57,6.79,1,,
,50.2045,12.4555,8.626,,,,2008,10,15,3,38,,2.3,1,160.1,72.56,-29.02,259.54,62.43,-160.24,152.66,32.63,238.4,-6.62,1,,
,50.2027,12.4562,8.545,,,,2008,10,15,3,40,,2.8,1,161.23,65.51,-23.04,261.22,69.14,-153.67,147.87,33.02,239.41,2.37,1,,
,50.2083,12.4549,8.417,,,,2008,10,15,16,0,,2.5,1,168.6,72.03,-16.52,263.83,74.3,-161.31,143.41,24.17,54.1,-1.54,1,,
,50.2115,12.4549,8.17,,,,2008,10,16,10,48,,2.9,1,157.28,73.67,-34.56,258.24,57.02,-160.41,156.9,35.72,59.07,10.73,1,,
,50.2132,12.4487,10.424,,,,2008,10,19,3,13,,2.1,1,193.52,67.95,-30.25,295.86,62.17,-154.88,116.98,36.56,204.22,-3.71,1,,
,50.2137,12.4481,10.451,,,,2008,10,19,5,47,,2.4,1,205.57,73.75,-35.48,306.85,56.14,-160.3,108.84,36.29,190.39,-11.31,1,,
,50.2253,12.4454,8.653,,,,2008,10,21,0,55,,2.7,1,155.94,76.54,-38.81,256.54,52.44,-162.93,160.75,36.55,238.93,-15.45,1,,
,50.2219,12.4476,8.615,,,,2008,10,21,0,55,,2.3,1,151.24,72.79,-38.1,254.3,53.88,-158.52,163.24,38.75,243.43,-11.98,1,,
,50.2186,12.4494,8.537,,,,2008,10,21,1,39,,2.1,1,163.97,79,-40.52,263.24,50.38,-165.65,154.48,35.87,230.54,-18.42,1,,
,50.2178,12.4497,8.556,,,,2008,10,21,1,39,,2.4,1,162.57,76.03,-36.76,262.79,54.5,-162.75,153.3,35.55,233.13,-13.88,1,,
,50.2194,12.4502,8.37,,,,2008,10,21,1,40,,2.4,1,345.39,89.75,33.25,255.23,56.75,179.7,154.77,22.62,234.58,-23,1,,
,50.2153,12.4512,8.579,,,,2008,10,21,2,3,,2.2,1,160.03,78.57,-33.65,257.54,57.11,-166.35,156.25,31.61,57.34,14.12,1,,
,50.2099,12.4591,7.398,,,,2008,10,27,13,30,,2.2,1,283.86,53.6,-132.67,161.09,53.71,-47.41,137.6,56.94,227.5,-0.07,1,,
,50.2086,12.4567,7.939,,,,2008,10,28,8,27,,2.9,1,164.26,59.9,-29.53,270.12,64.76,-146.33,141.12,41.01,233.77,3.04,1,,
,50.2118,12.4574,7.522,,,,2008,10,28,8,32,,2.2,1,275.69,52.27,-138.24,157.04,58.21,-46.04,147.11,53.63,232.41,-3.45,1,,
,50.2102,12.4551,8.325,,,,2008,10,28,10,7,,2.9,1,161.25,73.29,-23.09,258.24,67.94,-161.93,151.32,27.96,59.42,3.57,1,,
,50.2094,12.4555,8.231,,,,2008,10,28,14,8,,2.2,1,170.27,86.55,-27.55,262.07,62.51,-176.11,327.31,-21.65,230.56,-16.49,1,,
,50.2176,12.4519,8.124,,,,2008,10,28,14,51,,2.8,1,159.32,63.45,-29.06,263.27,64.25,-150.25,148.46,38.56,58.86,-0.51,1,,
,50.2169,12.4509,8.433,,,,2008,10,28,14,59,,2.2,1,155.78,78.19,-36.66,254.44,54.24,-165.39,161.1,33.92,240.3,-15.58,1,,
,50.2178,12.4516,8.088,,,,2008,10,28,15,32,,2.2,1,260.82,58.05,-144.17,149.91,60.22,-37.57,155.58,46.5,64.19,1.32,1,,
,50.2186,12.4528,7.779,,,,2008,10,28,15,45,,2.2,1,165.48,69.47,-26.55,265.42,65.26,-157.29,145.6,32.95,53.81,2.75,1,,
,50.2201,12.4543,7.345,,,,2008,10,28,16,11,,2.2,1,161.87,85.61,-34.41,254.87,55.7,-174.68,157.27,26.91,236.55,-20.14,1,,
,50.2193,12.4544,7.494,,,,2008,10,28,16,22,,2.2,1,164.9,83.77,-29.25,258.38,60.94,-172.86,152.27,24.85,234.9,-15.47,1,,
,50.2205,12.4536,7.519,,,,2008,10,28,23,49,,2.3,1,162.77,67.31,-37.66,269.35,55.69,-152.16,148.18,42.17,231.58,-7.23,1,,
,50.2045,12.4555,8.605,,,,2008,10,29,2,11,,2.1,1,158.53,77.44,-26.93,254.83,63.77,-165.97,156.02,27.8,241.15,-9.14,1,,
,50.2137,12.4579,7.458,,,,2008,10,30,8,19,,2.7,1,160.6,60.92,-33.11,268.18,61.48,-146.42,145.39,42.94,235.72,0.35,1,,
,50.2142,12.458,7.327,,,,2008,10,31,3,17,,2.8,1,261.07,60.39,-143.96,151.3,59.24,-35.1,153.34,45.32,64.05,-0.71,1,,
,50.215,12.4548,7.668,,,,2008,10,31,7,41,,2.1,1,349.24,86.52,27.42,257.44,62.63,176.09,149.9,16.39,233.22,-21.59,1,,
,50.2206,12.4501,8.164,,,,2008,11,17,16,9,,2.6,1,155.08,73.75,-46.69,261.62,45.69,-156.98,342.72,-43.78,235.44,-17.22,1,,
,50.2283,12.4427,8.111,,,,2011,8,24,6,16,,2.38,1,161.73,63.22,-31.72,267.29,62,-149.32,145.9,40.58,235.25,-0.76,1,,
,50.2279,12.4424,8.341,,,,2011,8,24,7,23,,3.13,1,18.86,76.25,42.81,276.45,48.69,161.55,128.21,17.38,203.31,-39.41,1,,
,50.226,12.4438,8.093,,,,2011,8,24,7,26,,2.34,1,168.74,71.74,-39.33,273.14,53,-156.9,145.42,40.33,225.23,-11.77,1,,
,50.2234,12.4466,7.918,,,,2011,8,24,19,50,,2.31,1,267.18,52.57,-147.09,155.71,64.44,-42.36,153.9,47.29,236.07,-7.16,1,,
,50.2288,12.4445,7.881,,,,2011,8,24,21,14,,2.45,1,278.37,57.56,-141.38,165.18,58.21,-39.13,138.54,48.74,228.09,-0.39,1,,
,50.2226,12.4461,8.05,,,,2011,8,25,7,5,,2.45,1,255.79,63.71,-150.82,151.9,64.08,-29.5,156.27,38.48,66.09,0.23,1,,
,50.2319,12.4431,8.269,,,,2011,8,25,7,12,,2.15,1,262.72,65.16,156.39,3.13,68.69,26.8,137.7,2.29,46.18,33.65,1,,
,50.2313,12.4431,8.456,,,,2011,8,25,9,26,,2.7,1,247.9,54.67,162.55,348.21,75.84,36.62,156.06,13.65,236.06,-35.58,1,,
,50.2236,12.4471,7.849,,,,2011,8,25,15,50,,2.06,1,264.6,57.14,-145.7,154.29,61.75,-38.02,152.51,45.92,59.61,2.81,1,,
,50.2341,12.4454,8.634,,,,2011,8,25,20,50,,2.11,1,354.74,60.6,11.27,259.15,80.2,150.12,139.86,-13.1,56.93,27.87,1,,
,50.2352,12.4426,8.345,,,,2011,8,25,22,46,,2.11,1,356.47,68.55,21,258.48,70.51,157.18,322.21,1.3,232.95,-29.63,1,,
,50.2395,12.4443,8.919,,,,2011,8,25,22,55,,2.28,1,356.13,80.33,18.11,262.98,72.16,169.84,321.39,-5.62,229.38,-19.6,1,,
,50.2401,12.4444,8.675,,,,2011,8,25,23,21,,2.37,1,354.28,75.14,19.68,259.04,71.01,164.26,323.91,-2.8,232.65,-24.3,1,,
,50.2386,12.4455,8.958,,,,2011,8,25,23,33,,2.01,1,4.4,70.18,16.89,268.52,74.14,159.36,132.96,-2.66,44.25,25.66,1,,
,50.241,12.4459,8.993,,,,2011,8,25,23,49,,2.24,1,4.79,60.89,22.6,263.34,70.38,148.9,134.17,-6.12,48.57,35.55,1,,
,50.2355,12.4448,8.715,,,,2011,8,25,23,59,,2.09,1,344.95,72.72,7.17,252.81,83.15,162.59,150.04,-7.23,242.28,-17.12,1,,
,50.2367,12.4435,9.014,,,,2011,8,26,0,0,,2.16,1,274.88,63.16,161.83,13.31,73.84,28.03,307.73,-7.04,213.46,-31.06,1,,
,50.239,12.445,8.928,,,,2011,8,26,0,10,,2.14,1,2.51,71.6,18.27,266.56,72.7,160.7,135.31,-0.74,45.66,25.69,1,,
,50.2429,12.4452,8.762,,,,2011,8,26,0,15,,2.61,1,4.24,65.64,21.76,264.89,70.27,154.01,134.64,-3.03,46.54,32.04,1,,
,50.236,12.4449,9.171,,,,2011,8,26,0,35,,2.69,1,276.32,64.9,155.59,17.22,68.02,27.22,303.79,-2.02,212.41,-34.37,1,,
,50.2402,12.4467,9.11,,,,2011,8,26,0,57,,2.02,1,357.17,68.87,17.03,260.87,74.15,157.99,320.19,3.54,231.97,-26.62,1,,
,50.2385,12.4464,9.083,,,,2011,8,26,1,5,,2.1,1,265.97,69.08,145.81,9.61,58.34,24.8,130.12,-6.82,45.59,38.58,1,,
,50.2394,12.4449,8.871,,,,2011,8,26,1,40,,2.14,1,359.43,81.29,17.93,266.63,72.28,170.86,317.98,-6.21,225.86,-18.8,1,,
,50.2362,12.445,9.16,,,,2011,8,26,1,45,,2.71,1,286.28,69.86,155.17,25.33,66.78,22.01,293.67,2.02,24.91,31.48,1,,
,50.2366,12.4461,9.214,,,,2011,8,26,2,17,,2.88,1,21.38,62.4,23.05,280.23,69.7,150.4,117.86,-4.72,31.17,34.96,1,,
,50.2407,12.4455,8.95,,,,2011,8,26,2,18,,2.16,1,262.69,72.67,150.33,2.32,61.8,19.75,135.56,-7.09,50.2,33.01,1,,
,50.2391,12.4448,8.949,,,,2011,8,26,2,36,,2.63,1,0.41,78.59,16.79,266.99,73.55,168.1,136.89,3.46,45.63,19.88,1,,
,50.2358,12.4469,9.372,,,,2011,8,26,2,47,,2.07,1,272.06,63.52,149.5,16.77,62.98,30.03,305.48,0.34,215.76,-39.53,1,,
,50.2394,12.4459,9.33,,,,2011,8,26,2,55,,2.31,1,5.98,61.16,22.23,264.82,70.65,149.25,132.85,-6.13,47.18,35.13,1,,
,50.2352,12.4446,9.369,,,,2011,8,26,3,46,,2.05,1,270.13,63.5,152.93,12.98,65.96,29.25,128.91,1.58,217.72,-37.12,1,,
,50.2363,12.447,9.321,,,,2011,8,26,4,40,,2.13,1,274.83,72.46,147.42,15.73,59.11,20.56,122.23,-8.62,38.37,35.18,1,,
,50.2412,12.446,8.973,,,,2011,8,26,6,7,,2.2,1,5.49,61.26,24.4,263.19,68.76,148.94,134.25,-4.81,47.84,36.59,1,,
,50.2368,12.444,8.613,,,,2011,8,26,6,9,,2.07,1,351.24,74.9,5.22,259.88,84.96,164.84,143.57,-7.01,235.36,-14.26,1,,
,50.2419,12.4417,8.318,,,,2011,8,26,6,15,,2.93,1,351.32,88.75,19.61,260.88,70.39,178.68,325.59,-12.82,232.19,-14.64,1,,
,50.2389,12.4469,9.236,,,,2011,8,26,6,49,,2.38,1,264.58,68.69,142.32,10.26,55.29,26.24,129.87,-8.38,47.29,41.27,1,,
,50.2461,12.4437,8.682,,,,2011,8,26,8,26,,2.16,1,259.3,76.54,150.22,356.89,61.12,15.42,139.28,-10.19,55.33,30.41,1,,
,50.2374,12.448,9.389,,,,2011,8,26,8,51,,2.24,1,275.45,68.47,145.26,19.74,57.99,25.65,120.35,-6.62,35.82,39.37,1,,
,50.2396,12.4445,8.889,,,,2011,8,26,8,52,,2.08,1,261.88,72.31,166.34,356.11,76.99,18.17,141.61,3.2,230.32,-21.96,1,,
,50.2345,12.4435,9.186,,,,2011,8,26,9,6,,2.02,1,282.43,68.68,163.52,18.56,74.68,22.14,300.39,-4.03,28.39,26.36,1,,
,50.2448,12.4446,9.284,,,,2011,8,26,11,31,,2.12,1,339.93,87.94,15.77,249.35,74.25,177.86,156.43,9.59,64.27,12.56,1,,
,50.2405,12.4416,8.268,,,,2011,8,26,12,37,,2.02,1,175.44,89.66,-24.37,265.59,65.63,-179.63,142.16,17.22,226.82,-16.71,1,,
,50.2364,12.448,9.451,,,,2011,8,26,13,18,,2.21,1,266.64,60.3,152.3,11.22,66.18,32.79,132.22,3.72,39.15,39.48,1,,
,50.2462,12.4439,9.133,,,,2011,8,26,14,10,,2.03,1,166.2,88.13,-22.26,256.97,67.75,-177.98,150.65,16.91,236.25,-14.16,1,,
,50.246,12.4443,8.709,,,,2011,8,26,14,11,,2.35,1,259.51,70.83,161.29,355.86,72.36,20.15,322.55,-1.03,232.03,-26.52,1,,
,50.2392,12.4464,9.097,,,,2011,8,26,14,48,,2.38,1,269.05,72.54,148.6,9.43,60.2,20.23,128.5,-8.01,224.01,-34.3,1,,
,50.2452,12.4451,8.83,,,,2011,8,26,15,19,,2.18,1,0.46,62.17,21.71,259.94,70.91,150.4,138.23,-5.67,52.09,34.15,1,,
,50.2407,12.4477,9.534,,,,2011,8,26,15,27,,2.99,1,341.88,82.28,21.06,248.92,69.14,171.74,156.2,9.02,242.83,-20.29,1,,
,50.2396,12.4483,9.485,,,,2011,8,26,15,50,,2.12,1,254,65.32,171.96,347.37,82.7,24.9,151.68,11.85,236.65,-22.65,1,,
,50.2401,12.4485,9.473,,,,2011,8,26,15,52,,2.27,1,250.11,66.62,179.51,340.3,89.55,23.39,157.23,15.96,62.33,16.63,1,,
,50.2372,12.4486,9.43,,,,2011,8,26,16,13,,2.02,1,263.65,60.36,164.98,1.21,76.98,30.5,140.43,10.98,43.85,30.6,1,,
,50.2449,12.4453,8.847,,,,2011,8,26,19,25,,2.28,1,260.27,70.39,169.63,353.79,80.23,19.91,324.19,-6.74,231.6,-20.93,1,,
,50.2384,12.4486,9.376,,,,2011,8,26,20,2,,2.03,1,261.99,62.17,172.12,355.69,83.04,28.06,324.26,-14.15,227.64,-24.57,1,,
,50.2398,12.4444,8.651,,,,2011,8,26,23,49,,2.07,1,253.95,73.45,170.53,346.67,80.93,16.77,150.5,5.16,238.8,-18.24,1,,
,50.2385,12.4448,8.942,,,,2011,8,27,0,6,,2.27,1,271.27,71.31,174.89,2.91,85.16,18.76,134.32,9.61,41.42,16.63,1,,
,50.2382,12.4486,9.478,,,,2011,8,27,2,21,,2.18,1,262.51,61.84,172.23,356.2,83.15,28.38,143.83,14.44,227.03,-24.71,1,,
,50.2384,12.4486,9.467,,,,2011,8,27,2,29,,2.08,1,256.55,64.43,174.54,348.91,85.07,25.68,330,-14.15,234.31,-21.46,1,,
,50.2399,12.4483,9.597,,,,2011,8,27,3,13,,3.04,1,341.29,83.68,20.87,248.89,69.27,173.24,156.58,9.94,63.09,19.16,1,,
,50.2344,12.4452,8.729,,,,2011,8,27,3,17,,2.2,1,350.31,67.11,11.88,255.64,79.07,156.67,145.35,-8.1,239.01,-24.15,1,,
,50.2433,12.4455,9.529,,,,2011,8,27,3,18,,2.18,1,336.91,85.99,16.32,245.74,73.72,175.83,159.76,8.56,247.55,-14.34,1,,
,50.2452,12.4447,9.413,,,,2011,8,27,5,48,,2.48,1,343.94,82.28,17.84,251.47,72.33,171.89,153.37,6.87,241.12,-18.04,1,,
,50.245,12.4446,8.818,,,,2011,8,27,16,25,,2.05,1,359.16,67.79,21.2,260.82,70.44,156.35,139.57,-1.75,230.6,-30.27,1,,
,50.2458,12.4431,8.607,,,,2011,8,27,16,26,,2.39,1,260.09,75.15,153.26,357.45,64.22,16.54,319.45,7.26,53.54,29.26,1,,
,50.2465,12.4441,9.051,,,,2011,8,28,0,39,,2.09,1,165.12,83.04,-18.51,257.45,71.63,-172.66,150.06,17.97,237.48,-7.88,1,,
,50.2481,12.4441,8.793,,,,2011,8,28,1,25,,2.35,1,252.3,71.96,-174.14,160.48,84.43,-18.13,154.96,16.72,62.34,8.65,1,,
,50.2451,12.4449,9.424,,,,2011,9,1,6,4,,2.64,1,341.68,84.61,17.29,250.01,72.79,174.35,155.31,8.21,242.94,-16,1,,
,50.2455,12.4448,9.663,,,,2011,9,2,4,46,,2.48,1,264.71,65.72,167.39,359.97,78.52,24.81,319.55,-8.63,225.39,-25.56,1,,
,50.2461,12.445,9.791,,,,2011,9,2,5,15,,2.03,1,259.78,78.23,168.5,352.16,78.74,12,324.08,-0.36,233.98,-16.39,1,,
,50.2497,12.4413,8.367,,,,2011,9,2,19,34,,2.08,1,263.41,66.74,169.44,357.62,80.3,23.61,321.36,-9.22,227.32,-23.47,1,,
,50.2468,12.441,8.231,,,,2011,9,2,19,47,,2.01,1,266.32,64.01,173.82,359.04,84.45,26.12,320.1,-13.97,224.27,-22.23,1,,
,50.2473,12.4411,8.247,,,,2011,9,2,20,29,,2.06,1,266.12,64.79,173.68,358.82,84.28,25.34,320.12,-13.34,224.68,-21.81,1,,
,50.25,12.4401,8.074,,,,2011,9,2,21,0,,2.74,1,275.47,67.54,-153.34,174.61,65.5,-24.82,314.42,-34.29,225.32,1.32,1,,
,50.2461,12.442,7.927,,,,2011,9,2,21,16,,3.03,1,180.66,57.03,-25.77,285.39,68.61,-144.23,123.12,39.99,219.28,7.29,1,,
,50.2491,12.4399,7.98,,,,2011,9,2,21,17,,2.43,1,276.31,68.34,-155.1,176.59,66.96,-23.64,133.22,32.53,223.79,0.9,1,,
,50.245,12.4406,7.945,,,,2011,9,2,21,25,,2.35,1,271.51,71.07,-159.46,174.58,70.61,-20.12,136.87,27.65,227.02,0.3,1,,
,50.2453,12.4416,7.885,,,,2011,9,2,21,45,,2.49,1,279.67,69.62,-151.6,179.01,63.53,-22.9,129.07,34.16,221.76,3.96,1,,
,50.2469,12.4424,7.782,,,,2011,9,2,23,36,,2.92,1,274.1,72.12,-150.46,174.23,62.02,-20.34,313.29,-33.29,227.64,6.59,1,,
,50.2459,12.4394,7.932,,,,2011,9,3,0,25,,2.94,1,110.32,42.24,-69.94,264.06,50.84,-107.3,155.81,75.93,83.76,-4.42,1,,
,50.2469,12.4445,7.554,,,,2011,9,3,0,30,,2.02,1,176.02,63.2,-30.62,280.96,62.96,-149.58,311.59,-39.81,221.46,-0.15,1,,
,50.2456,12.4444,7.584,,,,2011,9,3,0,42,,2.41,1,176.32,61.23,-35.01,284.95,59.81,-146.16,309.92,-44.1,219.08,-0.88,1,,
,50.2479,12.443,7.699,,,,2011,9,3,1,15,,2.63,1,289.05,50.85,-130.84,162.9,54.08,-51.23,136.46,59.46,223.39,-1.81,1,,
,50.2473,12.4419,7.784,,,,2011,9,3,3,28,,2.05,1,280.43,60.29,-133.46,162.82,50.92,-39.67,133.08,52.77,230.32,5.47,1,,
,50.2451,12.4443,9.081,,,,2011,9,3,8,28,,2.25,1,254.99,66.15,179.61,345.15,89.64,23.85,152.48,16.35,57.37,16.88,1,,
,50.2509,12.4418,8.513,,,,2011,9,3,9,46,,2.4,1,261.52,69.21,165.62,356.72,76.57,21.4,321.92,-4.98,229.64,-24.53,1,,
,50.2414,12.4419,8.272,,,,2011,9,3,11,47,,2.2,1,266.01,60.37,177.92,357.04,88.19,29.65,322.39,-19.1,224.42,-21.83,1,,
,50.247,12.4437,9.287,,,,2011,9,3,16,29,,2.06,1,255.65,74.22,176.32,346.65,86.46,15.81,149.88,8.55,57.78,13.65,1,,
,50.2488,12.443,9.092,,,,2011,9,3,16,35,,2.04,1,255.77,68.21,175.8,347.33,86.1,21.84,330.45,-12.38,236.34,-18.09,1,,
,50.2494,12.443,9.123,,,,2011,9,3,16,35,,2.25,1,258.37,65.69,179.3,348.66,89.36,24.31,149.13,16.45,233.82,-17.4,1,,
,50.2499,12.443,9.005,,,,2011,9,3,16,38,,2.29,1,259.89,65.16,178.37,350.58,88.52,24.85,327.5,-16.19,231.97,-18.38,1,,
,50.2438,12.448,7.241,,,,2011,9,4,2,49,,2.34,1,278.88,59.15,-150.3,172.58,64.83,-34.51,316.29,-41.56,223.14,-3.54,1,,
,50.2441,12.4428,7.768,,,,2011,9,4,3,50,,2.08,1,286.03,60.35,-135.28,169.94,52.3,-38.69,127.72,51.46,223.69,4.74,1,,
,50.2449,12.443,7.742,,,,2011,9,4,3,52,,2.96,1,264.4,63.46,-145.46,157.3,59.52,-31.23,147.7,42.42,239.94,2.45,1,,
,50.2512,12.4449,7.386,,,,2011,9,4,3,56,,2.04,1,278.79,62.1,-147.14,171.97,61.35,-32.22,314.35,-42.06,224.77,0.47,1,,
,50.2429,12.4413,7.919,,,,2011,9,4,4,2,,2.04,1,290.91,57.88,-132.79,171.04,51.57,-42.74,125.17,54.63,220.32,3.64,1,,
,50.2529,12.4405,8.23,,,,2011,9,4,4,12,,2.13,1,264.11,64.02,176.4,355.69,86.76,26.02,323.02,-15.65,227.02,-20.47,1,,
,50.2535,12.4419,7.777,,,,2011,9,4,4,42,,2.21,1,278.19,61.1,-145.5,169.82,60.27,-33.82,315.68,-43.82,226.16,0.51,1,,
,50.2389,12.4448,8.925,,,,2011,9,4,11,10,,2.13,1,268.32,72.38,167.54,2.15,78.13,18.02,135.48,3.94,43.96,21.07,1,,
,50.2425,12.4417,7.959,,,,2011,9,4,11,47,,3.28,1,292.35,54.4,-132.11,169.57,52.9,-46.87,128.03,56.95,219.34,0.85,1,,
,50.2583,12.4369,8.779,,,,2011,9,4,11,50,,2.23,1,355.05,78.29,20.7,260.66,69.75,167.5,143.28,5.81,230.82,-22.85,1,,
,50.2433,12.4487,7.126,,,,2011,9,4,13,47,,2.08,1,284.15,62.09,-134.11,168.38,50.62,-37.27,307.66,-51.23,226.14,6.76,1,,
,50.243,12.4448,7.698,,,,2011,9,4,14,9,,2.06,1,285.38,58.93,-138.79,171.06,55.64,-38.69,310.15,-49.81,222.46,1.95,1,,
,50.243,12.4482,7.216,,,,2011,9,4,14,13,,2.31,1,268.05,71.47,-136.91,161.5,49.63,-24.65,136.92,43.06,239.87,13.49,1,,
,50.2406,12.4422,7.973,,,,2011,9,4,20,17,,2.41,1,173.69,60.78,-32.83,281.18,61.76,-146.35,132.2,42.82,222.77,0.61,1,,
,50.2433,12.443,7.785,,,,2011,9,4,20,18,,2.29,1,281.3,65.29,-143.66,174.21,57.43,-29.74,129.34,42.55,223.83,4.88,1,,
,50.2509,12.4462,7.243,,,,2011,9,5,3,20,,2.48,1,293.06,48.86,-145.58,178.79,64.8,-46.64,132.14,50.02,210.69,-9.45,1,,
,50.2542,12.4451,7.495,,,,2011,9,5,3,25,,2.57,1,173.89,66.44,-36.79,280.53,56.7,-151.43,316.33,-42.13,220.82,-6.06,1,,
,50.2519,12.4435,7.388,,,,2011,9,5,3,25,,2.9,1,180.31,69.11,-38.15,285.96,54.75,-154.11,311.93,-41.32,213.95,-8.97,1,,
,50.248,12.4435,7.771,,,,2011,9,5,7,38,,2.69,1,282.91,57.03,-142.78,170.46,59.5,-39.16,314.46,-48.04,222.81,-1.49,1,,
,50.2405,12.4472,7.364,,,,2011,9,5,16,42,,2.67,1,294.58,50.76,-140.57,177.1,60.54,-46.6,129.66,52.67,212.13,-5.71,1,,
,50.2351,12.4431,8.938,,,,2011,9,6,2,17,,2.23,1,285.79,59.44,166.88,22.55,78.72,31.23,299.13,-12.79,201.65,-29.85,1,,
,50.2356,12.443,8.875,,,,2011,9,6,3,4,,2.42,1,289.22,67.25,148.94,32.34,61.59,26.08,288.15,3.61,20.93,37.58,1,,
,50.2427,12.4446,8.821,,,,2011,9,6,7,28,,2.27,1,257.18,69.07,158.46,355.2,69.95,22.36,143.95,0.58,233.62,-29.68,1,,
,50.2432,12.4441,7.689,,,,2011,9,6,14,4,,2.06,1,148.45,44.06,-61.82,291.75,52.19,-114.56,129.03,70.32,231.11,4.28,1,,
,50.2628,12.443,8.13,,,,2013,4,22,18,10,,2.2,1,354.9,79.22,21.99,260.58,68.42,168.39,323.72,-7.35,230.57,-23.1,1,,
,50.2345,12.4519,7.264,,,,2013,8,15,18,17,,2.2,1,278.78,53.85,-131.94,155.5,53.08,-47.54,142.34,57.33,233.02,0.43,1,,
,50.2576,12.4466,7.114,,,,2013,8,31,6,23,,2.1,1,276.22,59.63,-154.29,172.54,68.02,-33.03,318.25,-38.47,224,-5.33,1,,
,50.226,12.4468,9.052,,,,2014,5,24,14,35,,3.5,1,46.47,65.08,117.66,175.27,36.55,45.02,333.46,-15.67,92.51,-59.99,1,,
,50.2243,12.4473,9.242,,,,2014,5,24,16,14,,2.2,1,344.17,83.84,27.13,251.02,63.04,173.09,335.36,-14.16,239.1,-23.36,1,,
,50.2265,12.4462,8.65,,,,2014,5,31,10,37,,4.4,1,37.43,58.94,73.5,247.29,34.78,115.25,130.7,12.47,180.69,-71.02,1,,
,50.2256,12.4457,8.59,,,,2014,5,31,10,43,,3,1,150.86,71.84,-25.15,249.18,66.18,-160.09,161.23,30.39,69.04,3.74,1,,
,50.2241,12.4465,8.79,,,,2014,5,31,11,16,,2.3,1,342.63,84.19,22.87,250.19,67.26,173.7,155.67,11.64,61.33,20.18,1,,
,50.2226,12.4474,8.985,,,,2014,5,31,11,32,,2.6,1,156.39,82.69,-24.72,249.74,65.5,-171.96,159.55,22.54,244.61,-11.73,1,,
,50.2218,12.448,8.577,,,,2014,5,31,11,33,,2.3,1,148.62,69.44,-19.75,245.81,71.55,-158.27,162.36,28.17,73.12,-1.41,1,,
,50.2284,12.4453,8.173,,,,2014,5,31,11,46,,2.4,1,168.74,88.03,-25.59,259.68,64.43,-177.81,148.77,19.24,232.9,-16.32,1,,
,50.2287,12.4457,8.114,,,,2014,5,31,11,47,,2.6,1,160.2,62.46,-35.84,268.68,58.72,-147.24,147.03,43.95,54.81,2.3,1,,
,50.2338,12.4438,8.08,,,,2014,5,31,15,53,,2.1,1,176.48,89.51,-21.89,266.68,68.11,-179.47,140.57,15.64,226.29,-14.93,1,,
,50.2312,12.4463,7.947,,,,2014,5,31,16,11,,2.3,1,269.83,61.02,-136.64,155.25,53.09,-37.3,143.46,50.11,239.12,4.71,1,,
,50.2214,12.4481,9.374,,,,2014,5,31,16,44,,2.5,1,166.14,85.18,-23.95,258.28,66.14,-174.73,330.34,-20.21,235.43,-13.1,1,,
,50.2291,12.4465,8.006,,,,2014,5,31,18,9,,2.1,1,267.91,63.47,-145.56,160.87,59.6,-31.19,144.19,42.35,236.38,2.4,1,,
,50.2299,12.4474,7.963,,,,2014,5,31,18,10,,2.3,1,276.73,57.12,-132.23,155.85,51.55,-43.89,140.19,55.44,54.85,-3.2,1,,
,50.2267,12.447,8.002,,,,2014,5,31,19,18,,2.7,1,168.56,64.57,-30.95,273,62.33,-150.99,139.94,39.2,228.78,-1.42,1,,
,50.228,12.4478,8.848,,,,2014,5,31,19,55,,2.1,1,229.43,21.73,88.42,51.14,68.28,90.63,129.35,23.28,127.74,-66.72,1,,
,50.2317,12.446,8.31,,,,2014,5,31,20,14,,2.5,1,340.01,84.23,15.36,248.43,74.72,174.02,156.64,6.62,64.87,14.92,1,,
,50.2302,12.4453,8.203,,,,2014,5,31,20,15,,2.9,1,354.78,72.78,26.62,256.34,64.66,160.88,145.81,5.35,232.6,-30.79,1,,
,50.237,12.4475,7.515,,,,2014,5,31,23,18,,2.1,1,153.14,49.64,-63.57,295.62,46.97,-117.65,139.11,70.12,225.21,-1.41,1,,
,50.2359,12.4437,8.399,,,,2014,6,1,0,29,,2.2,1,251.52,71.81,167.53,345.46,78.17,18.6,152.3,4.34,60.59,21.46,1,,
,50.2348,12.4462,8.772,,,,2014,6,1,8,56,,2.1,1,251.89,81.8,159.69,344.92,69.91,8.74,150.17,-8.17,63.18,20.11,1,,
,50.2273,12.4483,8.811,,,,2014,6,1,19,4,,2.3,1,246.21,20.47,101.88,53.55,69.98,85.6,123.02,24.86,133.74,-64.75,1,,
,50.2376,12.4472,7.512,,,,2014,6,2,2,25,,2.8,1,304.93,50.13,-127.8,175.36,52.67,-53.72,122.01,61.9,209.38,-1.4,1,,
,50.2387,12.4471,7.433,,,,2014,6,2,2,25,,2.1,1,308.9,46.52,-130.55,180.1,56.54,-55.57,123.78,61.21,23.59,5.55,1,,
,50.2271,12.4478,9.16,,,,2014,6,4,0,46,,2.3,1,349.28,85.48,23.65,257.3,66.43,175.06,149.03,13.12,234.22,-19.79,1,,
,50.2258,12.4463,8.96,,,,2014,8,3,23,58,,3.44,1,253.34,29.32,138.67,20.82,71.13,67.13,141.83,22.82,10.12,57.69,1,,
,50.2228,12.447,8.953,,,,2014,8,4,0,12,,2.07,1,251.85,58.14,169.51,347.43,81.1,32.29,154.27,15.3,235.6,-28.85,1,,
,50.2277,12.4478,8.819,,,,2014,8,4,0,20,,2.03,1,44.65,57.94,73.94,253.11,35.47,113.82,123.83,11.57,174.7,-72.03,1,,
,50.279,12.4322,9.679,,,,2017,7,11,11,6,,2.1,1,170.39,86.11,-38.61,263.49,51.49,-175.03,150.33,29.22,226.53,-23.1,1,,
,50.2789,12.4325,9.625,,,,2017,7,11,11,21,,2.3,1,169.76,84.77,-38.85,263.95,51.35,-173.3,150.56,30.41,226.73,-22.16,1,,
,50.2779,12.4336,9.566,,,,2017,7,11,11,25,,3,1,173.2,87.84,-36.09,264.77,53.94,-177.33,147.21,26.29,225.15,-22.93,1,,
,50.2772,12.4325,9.801,,,,2017,7,11,11,28,,2.3,1,355.27,88.5,37.11,264.14,52.91,178.12,146.59,24.08,223.76,-26.42,1,,
,50.2769,12.4334,9.685,,,,2017,7,11,11,32,,2.2,1,266.08,47.11,179.73,356.27,89.8,42.89,147.57,28.61,220.03,-28.93,1,,
,50.2767,12.4333,9.609,,,,2017,7,11,11,34,,2.2,1,268.23,47.51,178.91,358.97,89.19,42.49,144.89,27.89,217.7,-29.18,1,,
,50.2763,12.4336,9.696,,,,2017,7,11,11,47,,2.4,1,266.65,47.71,178.82,357.44,89.13,42.3,146.34,27.71,219.33,-29.12,1,,
,50.2765,12.4335,9.632,,,,2017,7,11,11,58,,3.1,1,174.91,89.61,-37.92,265.22,52.08,-179.5,146.7,26.06,223.24,-25.45,1,,
,50.277,12.4345,9.235,,,,2017,7,11,12,38,,2.5,1,176.69,88.26,-36.2,267.97,53.82,-177.84,143.89,26.03,221.73,-23.33,1,,
,50.2791,12.4329,9.368,,,,2017,7,11,13,2,,2.4,1,175.2,86.35,-33.39,267.61,56.69,-175.63,323.87,-25.68,223.75,-20.08,1,,
,50.2781,12.4329,9.915,,,,2017,7,11,13,21,,2.3,1,168.34,88.89,-37.48,259.19,52.53,-178.6,152.89,26.35,229.77,-24.61,1,,
,50.2799,12.4317,9.64,,,,2017,7,11,13,47,,2.1,1,166.85,82.4,-37.58,262.66,52.81,-170.44,152.12,31.4,229.63,-19.51,1,,
,50.2803,12.431,9.832,,,,2017,7,11,15,32,,2.4,1,160.92,78.04,-32.67,258.48,58.12,-165.88,154.91,31.33,56.75,13.11,1,,
,50.2753,12.4334,9.914,,,,2017,7,11,16,17,,2.3,1,353.08,89.66,37.02,262.83,52.98,179.58,148.41,24.93,225.63,-25.46,1,,
,50.2755,12.4333,9.681,,,,2017,7,11,17,4,,2.3,1,170.43,82.65,-36.93,265.93,53.43,-170.83,148.43,30.79,226.37,-19.32,1,,
,50.2745,12.4339,9.615,,,,2017,7,11,20,57,,2.6,1,167.51,83,-33.98,262.2,56.3,-171.58,150.6,28.58,50.51,17.82,1,,
,50.2755,12.4337,9.715,,,,2017,7,12,5,44,,2.1,1,172.82,89.6,-37.37,263.13,52.63,-179.5,148.59,25.73,225.54,-25.1,1,,
,50.2755,12.4336,9.902,,,,2017,7,12,5,46,,2.6,1,167.45,89.11,-35.07,258.08,54.93,-178.91,153,24.66,231.6,-23.28,1,,
,50.276,12.4337,10.208,,,,2017,7,12,5,52,,2.1,1,351.29,85.87,35.53,258.35,54.58,174.93,150.65,21.03,229.13,-27.44,1,,
,50.2073,12.4617,7.349,,,,2017,10,4,19,38,,2.2,1,143.23,37.36,-48.49,275.16,62.97,-116.84,127.77,62.05,65.64,-13.93,1,,
,50.2525,12.4469,9.266,,,,2018,5,10,9,15,,2.2,1,256.69,70.11,173.93,348.77,84.3,19.99,148.84,9.8,235.6,-18.11,1,,
,50.251,12.4472,9.195,,,,2018,5,10,14,24,,2.9,1,346.29,88.9,17.43,255.94,72.57,178.84,150.21,11.43,57.53,13.02,1,,
,50.2515,12.4471,9.143,,,,2018,5,10,14,41,,2.6,1,252.73,67.46,-178.07,161.99,88.22,-22.55,154.93,17.04,240.41,-14.42,1,,
,50.2509,12.4473,8.976,,,,2018,5,10,14,42,,2.1,1,261.01,69.02,174.25,353.08,84.63,21.07,144.73,10.78,231.05,-18.62,1,,
,50.2523,12.4469,9.112,,,,2018,5,10,14,47,,2.7,1,353.21,85.98,23.72,261.45,66.34,175.61,145.04,13.54,230.15,-19.47,1,,
,50.2484,12.448,9.329,,,,2018,5,10,15,24,,2.1,1,253.37,69.27,170.09,346.91,80.74,21.02,151.31,7.84,238.22,-21.35,1,,
,50.2526,12.4469,9.006,,,,2018,5,10,16,7,,2.4,1,351.56,84.41,23.34,259.15,66.78,173.91,326.83,-12.12,232.26,-20.35,1,,
,50.2495,12.4476,9.12,,,,2018,5,10,16,8,,2.5,1,347.6,86.6,20.63,256.32,69.41,176.36,149.84,11.93,236.16,-16.9,1,,
,50.2486,12.4476,9.057,,,,2018,5,10,16,11,,2.2,1,344.62,87.2,20.89,253.55,69.13,177,152.79,12.55,238.97,-16.64,1,,
,50.2497,12.4473,8.864,,,,2018,5,10,16,12,,2.2,1,253.7,69.12,177.52,344.58,87.69,20.9,152.75,12.91,58.91,16.3,1,,
,50.2527,12.4466,9.219,,,,2018,5,10,17,23,,2.4,1,172.66,83.98,-21.65,265.04,68.47,-173.52,143.14,19.49,229.31,-10.68,1,,
,50.2504,12.4468,8.648,,,,2018,5,10,17,28,,2.4,1,351.99,69.94,19.69,254.99,71.55,158.8,326.26,1.07,236.83,-27.8,1,,
,50.2527,12.4466,9.202,,,,2018,5,10,17,58,,2.1,1,174.07,86.34,-20.05,265.4,69.99,-176.11,142.03,16.68,228.58,-11.35,1,,
,50.2498,12.4474,8.85,,,,2018,5,10,18,27,,2.2,1,348.06,88.36,19.37,257.48,70.64,178.26,328.87,-12.37,235.56,-14.75,1,,
,50.2546,12.4464,8.842,,,,2018,5,10,18,49,,2.1,1,349.24,84.14,22.72,256.79,67.41,173.65,149.03,11.51,54.76,20.11,1,,
,50.2531,12.447,8.863,,,,2018,5,10,18,49,,2.3,1,357.18,77.67,23.56,261.86,67.01,166.58,142.03,7.19,228.61,-25.28,1,,
,50.2562,12.4465,8.931,,,,2018,5,10,18,55,,2.5,1,259.02,66.98,170.75,352.66,81.49,23.29,146.09,9.9,231.96,-22.4,1,,
,50.2551,12.4467,8.969,,,,2018,5,10,19,1,,2.3,1,351.43,83.35,24.61,258.4,65.57,172.69,327.45,-12.16,232.46,-21.99,1,,
,50.2523,12.4465,9.168,,,,2018,5,10,19,22,,2.7,1,352.1,89.16,23.35,261.74,66.65,179.08,145.51,15.66,230.62,-16.89,1,,
,50.2504,12.4471,9.145,,,,2018,5,10,19,22,,2.2,1,349.04,85.98,22.56,257.37,67.5,175.65,148.93,12.77,54.53,18.67,1,,
,50.2537,12.4468,9.186,,,,2018,5,10,19,34,,2.4,1,356.64,88.74,21.5,266.14,68.5,178.64,140.65,14.1,226.53,-15.94,1,,
,50.2521,12.4472,9.199,,,,2018,5,10,19,42,,2.8,1,351.75,88.39,21.99,261.11,68.02,178.27,145.7,14.17,231.4,-16.53,1,,
,50.2535,12.4466,8.905,,,,2018,5,10,19,54,,2.1,1,357.06,84.73,19.9,265.16,70.19,174.4,320.46,-10.06,227.21,-17.73,1,,
,50.2507,12.4455,8.478,,,,2018,5,10,20,24,,2.5,1,258.01,70.86,166.65,352.46,77.4,19.64,145.63,4.45,233.76,-22.71,1,,
,50.2523,12.4465,9.429,,,,2018,5,10,20,29,,2.1,1,277.7,78.29,-166.98,185.01,77.26,-12.01,128.53,17.43,38.75,-0.71,1,,
,50.2566,12.4442,8.393,,,,2018,5,10,20,41,,2.1,1,352.38,78.95,22.28,257.89,68.15,168.08,326.34,-7.33,233.14,-23.49,1,,
,50.2548,12.4466,8.911,,,,2018,5,10,20,41,,2.6,1,349.14,84.48,24.6,256.62,65.52,173.93,149.57,13,234.44,-21.16,1,,
,50.2561,12.4466,8.911,,,,2018,5,10,20,45,,2.7,1,351.48,80.93,24.52,257.36,65.81,170.05,327.69,-10.27,233.14,-23.66,1,,
,50.2537,12.4467,9.23,,,,2018,5,10,22,24,,2.5,1,356.77,89.79,21.4,266.69,68.6,179.78,320.31,-14.8,226.22,-15.11,1,,
,50.2539,12.446,9.377,,,,2018,5,10,22,27,,2.1,1,253.17,68.51,-179.84,163.11,89.85,-21.49,153.92,15.12,239.8,-14.9,1,,
,50.2486,12.4482,9.534,,,,2018,5,10,23,11,,2.2,1,253.54,74.6,175.39,344.76,85.56,15.45,151.79,7.64,59.86,14.04,1,,
,50.2476,12.4482,9.336,,,,2018,5,10,23,11,,2.6,1,240.32,74.29,171.5,332.64,81.82,15.87,164.29,5.21,72.69,16.98,1,,
,50.2475,12.4485,9.467,,,,2018,5,10,23,16,,2.4,1,254.4,72.38,173.94,346.24,84.22,17.72,150.87,8.22,58.41,16.57,1,,
,50.2468,12.4483,9.263,,,,2018,5,10,23,25,,2.2,1,252.19,74.66,175.17,343.47,85.34,15.4,153.09,7.45,61.2,14.15,1,,
,50.2554,12.4462,9.123,,,,2018,5,11,1,52,,2.5,1,302.68,58.84,-149.37,195.64,64.15,-35.09,112.79,42.39,199.77,-3.3,1,,
,50.2562,12.4467,9.033,,,,2018,5,11,1,53,,2.4,1,351.79,81.91,26.57,257.77,63.72,170.97,147.87,12.33,232.18,-24.37,1,,
,50.2558,12.443,8.148,,,,2018,5,11,2,58,,2.2,1,259.51,68.42,169.31,353.48,80.06,21.93,325.04,-7.94,231.74,-22.46,1,,
,50.2559,12.4457,8.912,,,,2018,5,11,3,7,,2.5,1,351.35,80.03,21.74,257.4,68.61,169.28,147.13,7.79,233.9,-22.36,1,,
,50.2564,12.4454,8.585,,,,2018,5,11,3,8,,2.2,1,256.18,69.13,166.14,351.21,77.07,21.44,147.41,5.37,234.99,-24.22,1,,
,50.2564,12.4444,8.4,,,,2018,5,11,3,10,,2.2,1,350.95,79.23,22.35,256.56,68.06,168.37,147.77,7.59,234.47,-23.35,1,,
,50.2594,12.4452,8.783,,,,2018,5,11,3,11,,2.3,1,350.28,82.08,23.16,256.91,67.07,171.39,328.37,-10.25,234.2,-21.89,1,,
,50.2612,12.4442,8.476,,,,2018,5,11,3,29,,2.2,1,261.79,69.14,168.57,355.9,79.33,21.25,322.49,-6.94,229.6,-22.5,1,,
,50.2598,12.4443,8.497,,,,2018,5,11,3,31,,2.4,1,255.99,64.35,170.06,350.33,81.05,25.99,149.27,11.31,234.02,-24.59,1,,
,50.2604,12.4442,8.515,,,,2018,5,11,3,31,,2.3,1,255.15,67.6,169.38,349.23,80.19,22.75,329.51,-8.57,235.85,-22.95,1,,
,50.2611,12.4444,8.559,,,,2018,5,11,3,32,,2.4,1,355.07,83.46,24.32,262.12,65.84,172.83,323.72,-12.05,228.84,-21.71,1,,
,50.2598,12.4448,8.775,,,,2018,5,11,3,38,,2.1,1,346.68,87.7,25.68,255.58,64.34,177.45,151.76,16.13,55.87,19.55,1,,
,50.2538,12.4469,9.164,,,,2018,5,11,3,51,,2.1,1,357.18,88.48,19.8,266.64,70.21,178.38,319.81,-12.75,226.34,-14.96,1,,
,50.2547,12.4469,8.953,,,,2018,5,11,4,52,,2.3,1,353.5,84.62,23.2,261.2,66.91,174.15,324.83,-12.18,230.29,-20.1,1,,
,50.2617,12.4442,8.623,,,,2018,5,11,6,26,,2.3,1,353.49,88.62,24.85,262.85,65.16,178.48,324.57,-16.26,229.03,-18.31,1,,
,50.2616,12.4443,8.629,,,,2018,5,11,6,35,,2.2,1,352.28,89.69,24.3,262.14,65.7,179.66,325.44,-16.69,230.13,-17.15,1,,
,50.2625,12.4442,8.486,,,,2018,5,11,6,37,,2.3,1,353.04,82.65,24.05,259.77,66.16,171.96,145.78,11.26,231.14,-22.1,1,,
,50.2596,12.4451,8.799,,,,2018,5,11,6,39,,2.2,1,347.44,87.76,22.64,256.51,67.37,177.57,150.26,14.14,235.72,-17.43,1,,
,50.2628,12.443,8.27,,,,2018,5,11,6,58,,2.3,1,358.8,73.99,21.53,262.59,69.34,162.85,140,3.12,228.45,-26.39,1,,
,50.264,12.4436,8.629,,,,2018,5,11,6,59,,2.3,1,163.12,88.16,-24.81,253.97,65.2,-177.97,154.25,18.62,58.74,15.89,1,,
,50.2655,12.4415,8.559,,,,2018,5,11,7,41,,2.2,1,152.52,62.38,-36.36,261.36,58.31,-146.99,154.68,44.37,242.23,-2.5,1,,
,50.2635,12.4423,8.802,,,,2018,5,11,9,41,,2.3,1,256.43,59.6,-160.64,156.35,73.39,-31.87,157.2,34.06,61.09,8.95,1,,
,50.2638,12.4436,8.5,,,,2018,5,11,9,46,,2.2,1,346.5,89.48,27.43,256.23,62.57,179.42,152.03,18.62,55.21,19.4,1,,
,50.264,12.4421,8.83,,,,2018,5,11,9,48,,2.4,1,158.58,84.59,-29.11,251.59,61.03,-173.81,158.81,24.15,61.41,16.01,1,,
,50.2632,12.4432,8.86,,,,2018,5,11,9,50,,2.8,1,258.93,60.57,-159.53,158.53,72.27,-31.06,154.34,34.25,59.13,7.59,1,,
,50.2616,12.4442,8.67,,,,2018,5,11,9,52,,2.4,1,354.27,86.62,26.6,262.58,63.45,176.22,324.62,-15.92,228.35,-20.96,1,,
,50.2635,12.4436,8.668,,,,2018,5,11,9,52,,2.6,1,256.79,61.02,-165.32,159.56,77.19,-29.79,155.35,29.96,59.09,10.71,1,,
,50.2607,12.4449,9.008,,,,2018,5,11,10,1,,2.4,1,345.34,86.99,27.58,253.76,62.46,176.6,153.75,16.85,236.95,-21.35,1,,
,50.2657,12.4409,8.763,,,,2018,5,11,10,21,,2.1,1,348.22,89.78,26.96,258.1,63.05,179.75,150.12,18.53,233.54,-18.86,1,,
,50.2669,12.4408,8.801,,,,2018,5,11,10,30,,2.4,1,167.73,88.07,-29.31,258.81,60.71,-177.79,150.69,21.7,232.91,-18.79,1,,
,50.2654,12.4398,9.042,,,,2018,5,11,11,38,,2.3,1,131.04,31.83,-38.03,254.64,71.04,-116.06,139.25,56.15,85.81,-21.78,1,,
,50.2659,12.4416,8.615,,,,2018,5,11,12,48,,2.8,1,261.54,59.47,-158.05,159.97,71.22,-32.45,152.56,35.94,237.04,-7.56,1,,
,50.267,12.4405,8.93,,,,2018,5,11,12,51,,2.9,1,170.16,85.64,-33,262.98,57.1,-174.81,148.57,25.96,228.76,-19.28,1,,
,50.2656,12.4405,9.081,,,,2018,5,11,13,15,,2.1,1,159.71,71.61,-34.76,262.06,57.24,-157.97,153.4,37.28,56.34,9.18,1,,
,50.2673,12.44,8.926,,,,2018,5,11,13,29,,2.5,1,266.38,60.38,-166.93,169.83,78.66,-30.27,145.75,29.24,228.83,-12.15,1,,
,50.2685,12.4392,8.991,,,,2018,5,11,16,8,,2.1,1,260.9,57.66,-175.28,168.37,86.02,-32.43,150.31,25.3,230.83,-19.21,1,,
,50.2646,12.4401,9.38,,,,2018,5,11,16,33,,2.3,1,164.7,87.75,-33.27,256.17,56.76,-177.31,154.76,24.54,54.62,21.09,1,,
,50.2647,12.4403,9.176,,,,2018,5,11,16,53,,2.5,1,160.7,82.73,-37.86,256.31,52.5,-170.82,158.49,31.33,235.73,-19.94,1,,
,50.265,12.4406,9.042,,,,2018,5,11,16,55,,2.2,1,164.12,78.91,-30.64,260.63,59.99,-167.16,151.63,29.32,234.44,-12.57,1,,
,50.2639,12.4399,9.384,,,,2018,5,11,17,6,,2.8,1,156.79,76.86,-27.74,253.61,63.05,-165.22,157.65,28.77,242.55,-9.19,1,,
,50.2663,12.4394,9.264,,,,2018,5,11,17,12,,2.2,1,172.71,80.69,-43.41,271.41,47.3,-167.29,147.61,36.44,220.78,-21.42,1,,
,50.2651,12.4398,9.398,,,,2018,5,11,17,19,,2.1,1,165.96,83.05,-33.84,260.6,56.44,-171.65,152.13,28.45,232.12,-17.78,1,,
,50.2649,12.4395,9.415,,,,2018,5,11,17,51,,2.2,1,163.99,84.12,-29.36,257.29,60.81,-173.26,153.31,24.66,235.84,-15.81,1,,
,50.2649,12.4398,9.309,,,,2018,5,11,17,51,,2.6,1,256.33,50.14,173.27,350.66,84.84,40.05,153.35,22.93,228.56,-31.12,1,,
,50.267,12.4403,8.846,,,,2018,5,11,18,45,,2.5,1,260.88,59.33,-170.84,166.18,82.13,-30.99,150.85,27.23,52.76,15.3,1,,
,50.2679,12.4407,8.64,,,,2018,5,11,18,49,,2.6,1,171.57,85.56,-31.21,264.26,58.89,-174.82,146.64,24.84,227.94,-18.09,1,,
,50.2646,12.4395,9.332,,,,2018,5,11,19,38,,2.8,1,158.25,82.57,-30.25,252.56,60.03,-171.41,158.75,26.4,61.01,15.18,1,,
,50.2669,12.4395,9.228,,,,2018,5,11,19,39,,3.3,1,155.96,77.45,-40.29,256.4,50.86,-163.73,161.65,36.87,238.38,-17.02,1,,
,50.2667,12.4382,9.411,,,,2018,5,11,19,58,,2.5,1,157.83,73.04,-26.47,256.1,64.77,-161.19,154.89,30.51,61.65,5.46,1,,
,50.263,12.4429,8.879,,,,2018,5,11,20,7,,2.9,1,260.38,60.04,-157.88,158.91,70.96,-31.89,153.41,35.72,238.32,-7.03,1,,
,50.2642,12.4399,9.678,,,,2018,5,11,20,53,,2.3,1,154.99,86.03,-36.19,247.89,53.91,-175.08,164.86,27.74,242.86,-21.57,1,,
,50.2674,12.4378,9.342,,,,2018,5,11,21,35,,2.3,1,153.43,62.16,-26.08,256.31,67.12,-149.54,153.66,37.24,66.07,-3.17,1,,
,50.2677,12.4372,9.373,,,,2018,5,11,23,33,,2.4,1,154.56,68.62,-23.05,253.38,68.62,-156.95,156.03,31.04,66.03,0,1,,
,50.2644,12.4433,8.242,,,,2018,5,11,23,47,,2.1,1,356.47,77.56,23.99,260.99,66.61,166.42,322.88,-7.38,229.31,-25.66,1,,
,50.2546,12.4465,9.311,,,,2018,5,11,23,53,,3,1,185.62,89.95,-18.48,275.64,71.52,-179.94,130.89,12.99,217.86,-12.92,1,,
,50.2534,12.4471,9.153,,,,2018,5,11,23,53,,2.2,1,280.81,65.22,-164.12,184.01,75.62,-25.64,129.68,28.17,215.94,-6.93,1,,
,50.265,12.4389,9.436,,,,2018,5,12,0,41,,2.2,1,156.99,78.69,-30.17,253.49,60.47,-166.98,158.58,29.15,61.71,12.11,1,,
,50.2674,12.439,9.184,,,,2018,5,12,1,5,,2.8,1,167.9,69.22,-36.33,272.53,56.36,-154.77,144.08,39.98,47.23,8.09,1,,
,50.2681,12.4401,8.767,,,,2018,5,12,2,30,,2.4,1,169.15,86.03,-33.05,261.73,57.04,-175.27,329.72,-25.7,49.84,19.62,1,,
,50.2667,12.44,8.932,,,,2018,5,12,2,30,,2.6,1,264.41,61.75,-165.43,167.39,77.2,-29.04,147.38,29.43,231.53,-10.25,1,,
,50.2713,12.4376,8.881,,,,2018,5,12,4,19,,2.3,1,165.64,72.06,-37.91,269.12,54.23,-157.69,148.37,39.13,229.03,-11.28,1,,
,50.2726,12.4366,8.937,,,,2018,5,12,7,34,,2.7,1,267.83,56.69,-167.16,170.7,79.3,-33.98,325.97,-31.31,226.66,-14.89,1,,
,50.2715,12.4374,8.855,,,,2018,5,12,7,42,,2.2,1,169.31,73.12,-34.36,270.54,57.31,-159.82,324.54,-35.96,227.06,-10.17,1,,
,50.2726,12.4384,8.632,,,,2018,5,12,7,53,,3.2,1,170.57,72.26,-37.14,273.57,54.9,-158.13,323.38,-38.47,224.48,-11.02,1,,
,50.27,12.4378,9.027,,,,2018,5,12,8,1,,2.4,1,162.18,71.02,-38.25,266.56,54.17,-156.35,151.28,40.09,232.22,-10.6,1,,
,50.2692,12.4372,9.255,,,,2018,5,12,8,3,,2.4,1,157.68,67.61,-27.55,258.92,64.68,-155.08,152.49,34.87,61.17,1.89,1,,
,50.2659,12.4412,8.838,,,,2018,5,12,8,4,,2.4,1,348.65,89.72,29.25,258.49,60.75,179.67,150.31,20,232.52,-20.42,1,,
,50.2725,12.4368,8.886,,,,2018,5,12,8,5,,2.1,1,269.8,57.95,-152.49,164.35,66.95,-35.22,146.01,40.7,51.13,5.65,1,,
,50.2664,12.4413,8.733,,,,2018,5,12,8,9,,2.7,1,164.37,74.06,-36.89,266.01,54.74,-160.35,150.52,37.04,231.01,-12.35,1,,
,50.2734,12.4375,8.685,,,,2018,5,12,8,11,,2.5,1,172.32,66.15,-25.5,273.24,66.81,-153.9,317.05,-34.36,227.34,0.43,1,,
,50.2742,12.4371,8.796,,,,2018,5,12,8,18,,2.1,1,278.41,62.07,-152.73,174.83,66.12,-30.82,314.63,-38.13,222.6,-2.58,1,,
,50.2699,12.4373,9.231,,,,2018,5,12,8,29,,2.4,1,158.07,72.8,-29.51,257.57,61.93,-160.42,154.86,32.81,60.26,7.1,1,,
,50.2699,12.4392,8.809,,,,2018,5,12,8,30,,2.6,1,169.35,80.66,-31.71,265.07,58.76,-169.06,327.31,-28.78,229.08,-14.59,1,,
,50.2731,12.4363,9.027,,,,2018,5,12,8,31,,2.1,1,171.2,84.54,-29.2,264.25,60.94,-173.75,146.19,24.25,228.76,-16.03,1,,
,50.2691,12.4393,8.971,,,,2018,5,12,8,35,,2.3,1,169.03,79.74,-35.38,266.23,55.27,-167.49,328.18,-31.93,47.84,16.08,1,,
,50.2651,12.4406,9.077,,,,2018,5,12,8,44,,2.1,1,164.77,73.76,-36.48,266.45,55.19,-160.09,149.86,36.97,230.75,-11.88,1,,
,50.2727,12.4378,8.732,,,,2018,5,12,8,45,,2.3,1,264.68,58.32,-151.65,158.85,66.16,-35.04,150.96,41.08,56.67,4.91,1,,
,50.2721,12.4363,8.894,,,,2018,5,12,8,45,,2.1,1,158.77,66.29,-27.13,260.42,65.32,-153.73,150.68,35.42,60.23,0.62,1,,
,50.2725,12.4362,8.921,,,,2018,5,12,8,45,,2.3,1,266.72,61.25,-157.29,165.34,70.22,-30.75,326.44,-35.41,232.31,-5.78,1,,
,50.2748,12.4373,8.677,,,,2018,5,12,8,50,,2.6,1,173.29,72.72,-24.55,271.01,66.62,-161.12,139.14,29.38,226.86,-4.04,1,,
,50.2698,12.4372,9.18,,,,2018,5,12,9,17,,2.5,1,149.69,64.85,-41.35,260.2,53.27,-147.97,160.06,46.33,242.64,-7.03,1,,
,50.2702,12.4384,8.99,,,,2018,5,12,9,30,,2.3,1,170.55,75.47,-33.25,269.89,57.94,-162.78,324.25,-33.55,226.55,-11.41,1,,
,50.2666,12.4382,9.379,,,,2018,5,12,9,49,,2.1,1,158.49,68.39,-27.32,259.27,64.74,-155.97,152.08,34.2,240.47,-2.37,1,,
,50.2744,12.4364,8.973,,,,2018,5,12,10,7,,2.4,1,176.47,84.69,-29.75,269.5,60.39,-173.89,141.1,24.51,223.34,-16.5,1,,
,50.2677,12.4368,9.336,,,,2018,5,12,10,52,,2.7,1,133.38,46.82,-25.44,241.41,71.74,-133.9,162.35,44.86,88.05,-15.21,1,,
,50.2652,12.4397,9.419,,,,2018,5,12,11,11,,2.3,1,256.47,48.91,-141.9,139.21,62.29,-47.94,349.67,-52.52,249.36,-7.81,1,,
,50.2749,12.4365,8.881,,,,2018,5,12,11,27,,2.4,1,172.02,72.71,-26.52,270.45,64.77,-160.82,320.56,-30.77,227.43,-5.24,1,,
,50.2705,12.4366,9.212,,,,2018,5,12,12,29,,2.8,1,155.84,68.67,-42.23,264.12,51.24,-152.19,157.02,44.42,236.36,-10.69,1,,
,50.2715,12.4375,8.86,,,,2018,5,12,12,34,,2.2,1,163.72,64.83,-43.93,276,51.1,-146.88,146.54,48.14,227.25,-8.24,1,,
,50.2726,12.4375,8.709,,,,2018,5,12,12,34,,2.1,1,164.64,68.86,-21.34,262.66,70.16,-157.45,146.07,29.67,56.56,-0.86,1,,
,50.2739,12.4369,8.785,,,,2018,5,12,12,59,,2.2,1,170.46,67.92,-21.11,268.72,70.5,-156.5,139.84,30.12,50.84,-1.71,1,,
,50.2753,12.4372,8.7,,,,2018,5,12,12,59,,2.8,1,271.07,62.15,-161.55,172.21,73.75,-29.11,321.11,-31.88,226.34,-7.61,1,,
,50.2745,12.4359,9.195,,,,2018,5,12,14,3,,2.1,1,267.27,60.24,-167.97,171.24,79.58,-30.31,324.71,-28.62,227.54,-12.89,1,,
,50.2749,12.4357,9.205,,,,2018,5,12,14,12,,2.1,1,168.63,81.74,-32.1,263.78,58.27,-170.28,148.52,28.26,229.84,-15.68,1,,
,50.2725,12.4366,8.944,,,,2018,5,12,15,9,,2.3,1,273.28,62.17,-166.48,176.88,78.07,-28.5,138.16,28.44,222.34,-10.6,1,,
,50.2706,12.4363,9.273,,,,2018,5,12,23,2,,2.2,1,267.57,58.67,-160.42,167.08,73.36,-32.87,146.61,34.76,229.94,-9.51,1,,
,50.2684,12.4369,9.796,,,,2018,5,13,0,55,,2.2,1,167.24,86.64,-30.52,259.22,59.54,-176.1,151.11,23.57,232.72,-18.48,1,,
,50.2617,12.444,8.692,,,,2018,5,13,16,52,,2.2,1,354.71,89.15,24.21,264.33,65.79,179.07,143.09,16.23,227.83,-17.48,1,,
,50.2631,12.444,8.631,,,,2018,5,13,16,53,,2.1,1,163.15,84.9,-29.72,256.05,60.41,-174.13,334.48,-24.33,236.71,-16.64,1,,
,50.2625,12.444,8.456,,,,2018,5,13,16,55,,2.4,1,350.3,87.19,23.19,259.1,66.84,176.95,327.62,-14.09,232.88,-18.23,1,,
,50.2585,12.4467,9.318,,,,2018,5,13,17,26,,2.1,1,183.52,51.58,-67.43,329.75,43.66,-115.81,115.12,71.99,12.27,4.14,1,,
,50.269,12.4352,9.648,,,,2018,5,13,20,8,,2.1,1,167.48,80.63,-23.56,261.54,66.77,-169.8,147.67,23.2,233.59,-9.42,1,,
,50.2694,12.4355,9.679,,,,2018,5,13,23,37,,3,1,171.68,87.69,-32.67,263.16,57.36,-177.26,147.58,24.2,227.83,-20.66,1,,
,50.2682,12.4378,9.307,,,,2018,5,13,23,40,,2.1,1,161.08,68.44,-28.35,262.3,63.79,-155.82,149.57,34.9,57.47,3.01,1,,
,50.269,12.4358,9.677,,,,2018,5,13,23,47,,2.1,1,164.28,72.89,-33.35,265.24,58.3,-159.77,149.27,35.42,232.5,-9.41,1,,
,50.274,12.4361,9.216,,,,2018,5,14,0,43,,3.3,1,179.6,84.73,-27.81,272.37,62.32,-174.05,137.53,23.17,220.82,-15.28,1,,
,50.2739,12.4353,9.411,,,,2018,5,14,0,45,,2.4,1,166.15,76.85,-29.61,263.52,61.24,-164.95,148.58,30.07,52.52,10.33,1,,
,50.2686,12.4364,9.297,,,,2018,5,14,0,48,,2.1,1,149.2,43.67,-43.86,274,61.42,-124.54,135.51,58.19,241.98,9.97,1,,
,50.2738,12.435,9.517,,,,2018,5,14,0,51,,2.4,1,169.48,77.72,-31.71,266.97,59.1,-165.64,146.01,30.9,228.52,-12.28,1,,
,50.2737,12.4351,9.555,,,,2018,5,14,0,52,,2.4,1,266.87,57.32,-168.56,170.64,80.39,-33.2,146.28,29.99,227.2,-15.29,1,,
,50.266,12.4384,9.964,,,,2018,5,14,0,52,,3,1,335.72,85.9,28.11,243.53,61.97,175.35,163.74,16.37,246.75,-22.51,1,,
,50.2647,12.4391,10.022,,,,2018,5,14,1,1,,2.8,1,341.22,84.01,26.86,248.2,63.3,173.3,158.2,14.12,62.06,23.05,1,,
,50.2707,12.4387,8.908,,,,2018,5,14,1,3,,2.1,1,172.75,80.66,-33.44,268.87,57.06,-168.85,324.33,-29.95,225.04,-15.65,1,,
,50.2708,12.4366,9.253,,,,2018,5,14,1,17,,2.1,1,182.34,75.56,-21.14,277.85,69.56,-164.56,130.95,25.04,219.05,-4.05,1,,
,50.2699,12.4355,9.637,,,,2018,5,14,1,54,,2.1,1,172.67,84.76,-26.65,265.3,63.47,-174.14,324.22,-22.36,228.09,-14.55,1,,
,50.271,12.4354,9.674,,,,2018,5,14,1,54,,3.5,1,174.05,84.41,-27.98,267.02,62.16,-173.67,143.03,23.52,226.26,-15.15,1,,
,50.2709,12.435,9.831,,,,2018,5,14,1,57,,2.7,1,166.53,87.39,-29.19,257.99,60.84,-177.01,151.68,22.13,234,-18.2,1,,
,50.2719,12.4347,9.797,,,,2018,5,14,2,41,,2.3,1,165.6,84.77,-32.01,258.87,58.14,-173.84,152.57,25.96,53.48,17.99,1,,
,50.2731,12.4344,9.727,,,,2018,5,14,2,49,,2.2,1,167.3,83.54,-33.28,261.53,56.96,-172.29,150.81,27.72,51.08,17.82,1,,
,50.2732,12.4336,9.871,,,,2018,5,14,4,54,,2.5,1,166.24,88.02,-34.49,257.6,55.54,-177.6,153.69,25.13,232.73,-22.07,1,,
,50.2645,12.4397,9.574,,,,2018,5,14,6,49,,2.1,1,156.67,86.82,-36.54,249.02,53.52,-176.05,163.56,27.36,241.25,-22.4,1,,
,50.2696,12.4362,9.316,,,,2018,5,14,7,6,,2.3,1,168.32,65.5,-20.06,266.93,71.82,-154.12,140.94,30.93,53.44,-4.16,1,,
,50.2726,12.434,9.976,,,,2018,5,14,7,48,,2.5,1,347.25,88.32,30.72,256.25,59.29,178.05,152.47,19.9,233.88,-22.44,1,,
,50.2734,12.4352,9.502,,,,2018,5,14,10,1,,2.7,1,169.92,78.56,-32.38,267.09,58.34,-166.53,146.06,30.76,227.94,-13.35,1,,
,50.2734,12.4346,9.63,,,,2018,5,14,10,4,,3.2,1,168.61,85.35,-30.83,261.38,59.29,-174.59,149.43,24.74,50.98,17.69,1,,
,50.2618,12.4415,9.904,,,,2018,5,14,14,24,,2.2,1,160.62,85.42,-31.96,253.47,58.16,-174.6,157.75,25.44,58.61,18.46,1,,
,50.2651,12.4391,10.102,,,,2018,5,15,5,11,,2.2,1,339.91,84.72,27.46,247.18,62.67,174.06,159.57,15.05,243.04,-22.94,1,,
,50.2611,12.4422,9.813,,,,2018,5,15,11,15,,2.1,1,245.91,61,-175.52,153.73,86.08,-29.08,164.08,23.02,246.56,-17.13,1,,
,50.2738,12.4352,9.496,,,,2018,5,15,22,40,,3,1,162.84,72.13,-34.31,264.67,57.55,-158.68,150.47,36.61,233.45,-9.34,1,,
,50.275,12.4356,9.22,,,,2018,5,15,22,45,,2.2,1,169.29,80.56,-33.29,265.44,57.22,-168.75,327.71,-29.92,228.54,-15.48,1,,
,50.2627,12.4408,10.158,,,,2018,5,16,0,0,,2.5,1,336.45,84.01,21.01,244.16,69.12,173.58,161.42,10.27,67.83,19.02,1,,
,50.2644,12.4395,10.218,,,,2018,5,16,0,14,,2.1,1,338.51,85.81,21.49,246.86,68.57,175.5,159.23,11.93,65.28,18.06,1,,
,50.275,12.4336,9.674,,,,2018,5,16,4,45,,2.1,1,171.67,78.7,-36.02,269.78,54.78,-166.13,145.27,33.11,224.76,-15.62,1,,
,50.2749,12.434,9.716,,,,2018,5,16,4,47,,2.1,1,165.01,81.45,-31.07,260.13,59.31,-170.04,151.79,27.77,233.78,-14.82,1,,
,50.2722,12.4346,10.076,,,,2018,5,16,8,27,,2.6,1,349.36,85.91,30.79,256.93,59.3,175.25,330.92,-18.1,232.44,-24.3,1,,
,50.1583,12.4652,9.125,,,,2018,5,18,12,21,,2.3,1,156.3,54.08,-25.24,261.76,69.8,-141.31,145.45,41.22,64.18,-9.83,1,,
,50.1569,12.4651,9.24,,,,2018,5,18,12,22,,3.1,1,152.91,34.99,-35.79,273.48,70.41,-119.59,123.72,54.73,64.71,-20.01,1,,
,50.2659,12.4383,9.981,,,,2018,5,18,21,33,,2.1,1,339.51,86.03,27.67,247.43,62.4,175.51,159.79,16.18,63.02,22.12,1,,
,50.1586,12.4641,9.043,,,,2018,5,19,2,6,,2.3,1,292.23,58.28,-99.7,130.24,33.02,-74.75,94.65,74.72,240.75,12.77,1,,
,50.243,12.4542,6.594,,,,2018,5,21,18,0,,2.2,1,283.6,58.59,-141.88,171.35,58.21,-37.82,132.35,47.82,222.6,0.23,1,,
,50.2425,12.4543,6.587,,,,2018,5,21,18,0,,2.5,1,290.6,59.01,-145.19,180.9,60.7,-36.19,304.95,-45.24,213.9,-1.03,1,,
,50.2446,12.4524,6.889,,,,2018,5,21,18,31,,2.1,1,285.48,58.33,-141.33,172.69,57.88,-38.32,130.7,48.36,221.01,0.27,1,,
,50.2441,12.4518,7.016,,,,2018,5,21,19,52,,3,1,176.35,64.52,-32.74,281.81,60.78,-150.47,132.19,40.5,220.18,-2.35,1,,
,50.2426,12.4522,6.89,,,,2018,5,21,21,4,,2.6,1,173.14,57.91,-32.04,281.53,63.29,-143.51,310.56,-43.91,223.76,3.32,1,,
,50.2435,12.4519,6.978,,,,2018,5,21,21,4,,2.6,1,173.4,58.96,-30.13,280.06,64.53,-145.17,131.26,41.97,224.38,3.47,1,,
,50.2451,12.4499,7.108,,,,2018,5,21,21,4,,2.2,1,287.74,62.35,-139.87,176.37,55.19,-34.42,304.76,-47.04,219.43,4.33,1,,
,50.2442,12.4509,7.27,,,,2018,5,21,21,4,,2.4,1,180.09,59.06,-27.73,285.21,66.48,-145.89,124.85,40.22,218.81,4.67,1,,
,50.244,12.4499,7.143,,,,2018,5,21,21,4,,3.8,1,293.61,53.73,-135.13,173.11,55.33,-45.99,127.64,55.14,216.31,-0.92,1,,
,50.2422,12.4528,6.868,,,,2018,5,21,21,6,,2.5,1,173.09,67.2,-37.93,279.9,55.49,-151.94,137.83,42.43,221.12,-7.28,1,,
,50.2375,12.4515,7.188,,,,2018,5,21,21,10,,2.6,1,283.83,60.98,-146.02,175.72,60.74,-33.78,130.13,43.52,220.27,0.15,1,,
,50.2456,12.4495,7.201,,,,2018,5,21,21,15,,2.1,1,282.04,61.12,-151.33,177.25,65.16,-32.15,311.69,-39.69,219.57,-2.55,1,,
,50.2382,12.4523,7.172,,,,2018,5,21,21,16,,3,1,171.48,62.59,-33.69,278.54,60.5,-148.07,315.76,-42.35,224.57,-1.3,1,,
,50.2428,12.4519,6.953,,,,2018,5,21,23,1,,2.4,1,283.73,58.93,-149.98,177.12,64.63,-34.83,131.62,41.91,218.43,-3.55,1,,
,50.2405,12.4474,7.413,,,,2018,5,21,23,57,,2.2,1,302.91,51.77,-140.56,185.93,60.06,-45.57,120.15,52.23,203.86,-4.86,1,,
,50.2445,12.4543,6.592,,,,2018,5,22,1,58,,2.4,1,283.78,59.17,-140.23,170.67,56.68,-37.83,311.59,-48.66,223.29,1.49,1,,
,50.2453,12.4541,6.765,,,,2018,5,22,8,59,,2.3,1,292.32,55.67,-142.07,178.6,59.49,-40.89,126.4,49.26,213.75,-2.28,1,,
,50.2415,12.4557,6.485,,,,2018,5,22,10,27,,2.9,1,181.94,63.37,-37.34,290.82,57.16,-147.76,306.1,-44.45,212.35,-3.81,1,,
,50.2395,12.4533,6.855,,,,2018,5,22,13,30,,2.1,1,176.71,79.53,-31.96,273.18,58.64,-167.71,319.57,-29.77,221.45,-13.86,1,,
,50.238,12.457,6.492,,,,2018,5,22,17,51,,2.3,1,281.48,56.68,-144.69,170.22,61.12,-38.86,316.11,-46.88,223.23,-2.69,1,,
,50.2434,12.4551,6.587,,,,2018,5,22,19,54,,2.7,1,172.94,68.59,-34.59,277.07,58.09,-154.53,138.38,39.19,222.94,-6.64,1,,
,50.243,12.4552,6.672,,,,2018,5,22,19,54,,3,1,172.95,68.63,-32.78,276.16,59.72,-155.04,138.17,37.89,223.74,-5.67,1,,
,50.2369,12.4545,6.798,,,,2018,5,22,22,2,,3,1,279.18,56.65,-130.36,156.28,50.46,-45.46,318.08,-57.02,233.51,3.52,1,,
,50.2354,12.4546,6.832,,,,2018,5,22,22,19,,2.4,1,273.11,62.84,-140.1,162.22,55.2,-33.78,139,46.58,233.92,4.63,1,,
,50.2379,12.4571,6.474,,,,2018,5,22,23,1,,2.5,1,276.01,59.81,-143.3,165.46,58.9,-35.97,138.87,46.12,229.45,0.55,1,,
,50.2443,12.4545,6.562,,,,2018,5,23,4,22,,2.2,1,174.75,61.91,-38.01,284.96,57.09,-145.89,132.18,45.81,219.16,-2.93,1,,
,50.2498,12.4541,6.223,,,,2018,5,24,4,8,,2.4,1,277.69,60.08,-125.37,152.6,45.03,-44.83,133.84,58.48,237.87,8.46,1,,
,50.2564,12.4465,8.945,,,,2018,5,25,13,44,,2.8,1,260.12,62.47,165,357.18,76.73,28.36,143.7,9.47,228.34,-29.28,1,,
,50.2575,12.4466,9.117,,,,2018,5,25,13,48,,2.1,1,251.5,61.87,168.46,347,79.84,28.62,153.61,12.04,237.29,-27.27,1,,
,50.2611,12.4443,8.92,,,,2018,5,25,13,52,,2.5,1,251.83,62.03,179.62,342.01,89.66,27.97,156.62,19.12,239.52,-19.62,1,,
,50.26,12.4444,8.51,,,,2018,5,25,13,53,,2.3,1,261.22,62.68,168.82,356.41,80.08,27.77,143.88,11.7,227.96,-26.51,1,,
,50.2606,12.4444,8.48,,,,2018,5,25,13,53,,2.3,1,260.8,62.95,165.65,357.44,77.25,27.79,323.2,-9.53,227.96,-28.53,1,,
,50.2609,12.4444,8.494,,,,2018,5,25,13,55,,2.2,1,1.98,78.25,26.66,266.14,63.94,166.9,138.16,9.59,43.21,27.04,1,,
,50.2611,12.4443,8.585,,,,2018,5,25,13,56,,2.1,1,1.43,79.71,32.32,264.99,58.26,167.88,140.51,14.22,42.14,29.89,1,,
,50.2353,12.4582,6.481,,,,2018,6,1,4,46,,2.5,1,280.85,61.62,-142.67,170.93,57.76,-34.2,312.5,-45.51,224.9,2.36,1,,
,50.2356,12.4581,6.405,,,,2018,6,1,5,5,,2.3,1,283.82,54.36,-139.8,167.6,58.37,-43.19,136.43,51.53,223.46,-2.36,1,,
